id,season,name,position,age,height,weight,timeOnIce,assists,goals,pim,shots,games,hits,powerPlayGoals,powerPlayPoints,powerPlayTimeOnIce,evenTimeOnIce,penaltyMinutes,faceOffPct,shotPct,gameWinningGoals,overTimeGoals,shortHandedGoals,shortHandedPoints,shortHandedTimeOnIce,blocked,plusMinus,points,shifts,timeOnIcePerGame,evenTimeOnIcePerGame,shortHandedTimeOnIcePerGame,powerPlayTimeOnIcePerGame,ot,shutouts,wins,losses,saves,powerPlaySaves,shortHandedSaves,evenSaves,shortHandedShots,evenShots,powerPlayShots,savePercentage,goalAgainstAverage,gamesStarted,shotsAgainst,goalsAgainst,powerPlaySavePercentage,shortHandedSavePercentage,evenStrengthSavePercentage,ties
8458943,20102011,Cory Stillman,LW,36,"6' 0""",193,1099:10:00,27,12,24,116,65,64,3,12,209:28:00,888:18:00,24,45.94,10.34,2,0,0,0,1:24,30,5,39,1394,16:54,13:39,0:01,3:13,,,,,,,,,,,,,,,,,,,,
8459462,20102011,Bryan McCabe,D,34,"6' 2""",223,1311:00:00,21,7,34,122,67,86,4,13,242:38:00,1004:13:00,34,0,5.74,0,0,0,0,64:09:00,72,2,28,1508,19:34,14:59,0:57,3:37,,,,,,,,,,,,,,,,,,,,
8462041,20102011,Radek Dvorak,RW,32,"6' 2""",195,1061:05:00,15,7,24,109,66,51,0,0,15:14,899:07:00,24,36.84,6.42,3,0,1,1,146:44:00,33,2,22,1433,16:04,13:37,2:13,0:13,,,,,,,,,,,,,,,,,,,,
8464967,20102011,Marty Reasoner,C,32,"6' 1""",197,1407:15:00,18,14,22,124,82,71,0,1,45:05:00,1135:32:00,22,54.51,11.29,4,0,0,0,226:38:00,57,2,32,1838,17:09,13:50,2:45,0:32,,,,,,,,,,,,,,,,,,,,
8466035,20102011,Sergei Samsonov,LW,31,"5' 8""",188,1205:23:00,27,13,14,123,78,56,4,13,211:50:00,989:18:00,14,27.27,10.57,1,0,0,0,4:15,34,-2,40,1552,15:27,12:41,0:03,2:42,,,,,,,,,,,,,,,,,,,,
8467332,20102011,Bryan Allen,D,29,"6' 5""",223,1319:12:00,13,4,82,58,72,118,0,0,7:36,1150:23:00,82,0,6.9,1,1,0,0,161:13:00,103,-1,17,1660,18:19,15:58,2:14,0:06,,,,,,,,,,,,,,,,,,,,
8468432,20102011,Steve Reinprecht,C,33,"6' 0""",188,341:15:00,6,4,6,31,29,20,1,1,14:25,313:08:00,6,51.74,12.9,1,0,0,0,13:42,14,-2,10,477,11:46,10:47,0:28,0:29,,,,,,,,,,,,,,,,,,,,
8468478,20102011,Mike Weaver,D,31,"5' 10""",186,1706:10:00,11,2,34,53,82,98,0,1,18:17,1421:12:00,34,0,3.77,1,0,0,0,266:41:00,132,1,13,2098,20:48,17:19,3:15,0:13,,,,,,,,,,,,,,,,,,,,
8468660,20102011,Darcy Hordichuk,LW,29,"6' 1""",215,324:24:00,4,1,76,32,64,116,0,0,0:28,323:56:00,76,0,3.13,0,0,0,0,0:00,4,-1,5,494,5:04,5:03,0:00,0:00,,,,,,,,,,,,,,,,,,,,
8469457,20102011,Stephen Weiss,C,26,"5' 11""",190,1527:31:00,28,21,49,172,76,52,3,19,266:55:00,1133:23:00,49,53.87,12.21,1,1,2,2,127:13:00,44,-9,49,1864,20:05,14:54,1:40,3:30,,,,,,,,,,,,,,,,,,,,
8469770,20102011,Dennis Wideman,D,26,"6' 0""",202,1798:39:00,30,10,39,160,75,95,9,22,305:25:00,1311:32:00,39,100,6.25,1,1,0,0,181:42:00,126,-19,40,1967,23:58,17:29,2:25,4:04,,,,,,,,,,,,,,,,,,,,
8470086,20102011,Joe Callahan,D,27,"6' 3""",210,428:44:00,1,0,12,21,27,46,0,0,10:31,407:57:00,12,0,0,0,0,0,0,10:16,36,-1,1,514,15:52,15:06,0:22,0:23,,,,,,,,,,,,,,,,,,,,
8470274,20102011,Chris Higgins,LW,26,"6' 0""",205,1010:32:00,15,13,16,160,62,80,1,1,90:20:00,811:12:00,16,48.23,8.13,0,0,0,1,109:00:00,36,5,28,1353,16:17,13:05,1:45,1:27,,,,,,,,,,,,,,,,,,,,
8470321,20102011,Patrick Rissmiller,LW,31,"6' 4""",225,103:39:00,1,0,0,14,10,17,0,0,1:25,100:59:00,0,50,0,0,0,0,0,1:15,2,-1,1,145,10:21,10:05,0:07,0:08,,,,,,,,,,,,,,,,,,,,
8470605,20102011,Hugh Jessiman,RW,25,"6' 6""",221,14:42,0,0,5,2,2,4,0,0,0:00,14:42,5,0,0,0,0,0,0,0:00,0,-1,0,20,7:21,7:21,0:00,0:00,,,,,,,,,,,,,,,,,,,,
8470609,20102011,Steve Bernier,RW,24,"6' 3""",225,886:07:00,10,5,21,97,68,112,3,3,89:09:00,734:25:00,21,23.52,5.15,0,0,0,0,62:33:00,35,-14,15,1195,13:01,10:48,0:55,1:18,,,,,,,,,,,,,,,,,,,,
8470685,20102011,Alexander Sulzer,D,25,"6' 1""",198,701:56:00,4,1,14,37,40,38,0,2,44:16:00,607:47:00,14,100,2.7,0,0,0,0,49:53:00,52,-8,5,871,17:32,15:11,1:14,1:06,,,,,,,,,,,,,,,,,,,,
8471220,20102011,Rostislav Olesz,LW,24,"6' 2""",215,610:40:00,11,6,8,71,44,68,1,1,49:20:00,520:04:00,8,20,8.45,1,1,0,0,41:16:00,19,-1,17,845,13:52,11:49,0:56,1:07,,,,,,,,,,,,,,,,,,,,
8471266,20102011,David Booth,LW,25,"6' 0""",212,1549:45:00,17,23,26,280,82,129,8,10,235:19:00,1302:26:00,26,50,8.21,3,0,0,0,12:00,25,-31,40,1939,18:53,15:53,0:08,2:52,,,,,,,,,,,,,,,,,,,,
8471390,20102011,Mike Santorelli,C,24,"6' 0""",189,1368:12:00,21,20,20,193,82,60,5,12,221:13:00,1033:52:00,20,50.19,10.36,1,0,1,1,113:07:00,22,-17,41,1785,16:41,12:36,1:22,2:41,,,,,,,,,,,,,,,,,,,,
8471681,20102011,Jack Skille,RW,22,"6' 1""",216,739:18:00,11,8,29,154,62,134,1,1,37:28:00,698:14:00,29,30,5.19,1,0,0,0,3:36,20,-9,19,1056,11:55,11:15,0:03,0:36,,,,,,,,,,,,,,,,,,,,
8471694,20102011,Kenndal McArdle,LW,23,"5' 11""",190,109:24:00,0,0,16,6,11,36,0,0,0:18,109:06:00,16,33.33,0,0,0,0,0,0:00,3,-3,0,151,9:56,9:55,0:00,0:01,,,,,,,,,,,,,,,,,,,,
8471697,20102011,Niclas Bergfors,RW,22,"5' 10""",194,1062:13:00,24,12,8,152,72,12,3,9,122:54:00,938:19:00,8,44.44,7.89,1,0,0,0,1:00,13,-9,36,1372,14:45,13:01,0:00,1:42,,,,,,,,,,,,,,,,,,,,
8471842,20102011,Tim Kennedy,LW,23,"5' 10""",175,62:17:00,1,0,0,2,6,16,0,0,1:04,61:13:00,0,40,0,0,0,0,0,0:00,6,0,1,82,10:22,10:12,0:00,0:10,,,,,,,,,,,,,,,,,,,,
8471941,20102011,Mike Duco,RW,22,"5' 10""",200,17:06,0,0,10,0,2,6,0,0,0:00,17:06,10,0,0,0,0,0,0,0:00,0,-1,0,30,8:33,8:33,0:00,0:00,,,,,,,,,,,,,,,,,,,,
8472262,20102011,Clay Wilson,D,26,"6' 0""",195,222:39:00,2,3,6,22,15,16,0,1,40:51:00,181:48:00,6,0,13.64,0,0,0,0,0:00,11,4,5,253,14:50,12:07,0:00,2:43,,,,,,,,,,,,,,,,,,,,
8472361,20102011,Bill Thomas,RW,26,"6' 1""",185,204:10:00,3,4,6,33,24,19,0,0,1:18,197:43:00,6,59.09,12.12,2,0,0,0,5:09,10,1,7,299,8:30,8:14,0:12,0:03,,,,,,,,,,,,,,,,,,,,
8473564,20102011,Michael Frolik,RW,21,"6' 1""",186,1247:24:00,27,11,30,251,80,52,1,6,134:47:00,1106:51:00,30,40.33,4.38,1,0,0,0,5:46,37,2,38,1672,15:35,13:50,0:04,1:41,,,,,,,,,,,,,,,,,,,,
8473574,20102011,Shawn Matthias,LW,21,"6' 4""",231,603:52:00,10,6,16,90,51,60,0,2,33:49:00,562:53:00,16,50.81,6.67,0,0,0,0,7:10,20,0,16,831,11:50,11:02,0:08,0:39,,,,,,,,,,,,,,,,,,,,
8473646,20102011,Ryan Carter,LW,26,"6' 1""",205,621:12:00,6,3,66,63,62,133,0,0,3:25,530:23:00,66,50.62,4.76,0,0,0,1,87:24:00,22,-1,9,931,10:01,8:33,1:24,0:03,,,,,,,,,,,,,,,,,,,,
8474149,20102011,Evgenii Dadonov,RW,20,"5' 11""",189,513:09:00,9,8,14,60,36,45,1,1,32:48:00,480:15:00,14,20,13.33,0,0,0,0,0:06,11,0,17,686,14:15,13:20,0:00,0:54,,,,,,,,,,,,,,,,,,,,
8474153,20102011,Michal Repik,RW,21,"5' 10""",180,396:21:00,6,2,22,54,31,47,0,1,27:58:00,367:32:00,22,42.85,3.7,0,0,0,0,0:51,8,-6,8,540,12:47,11:51,0:01,0:54,,,,,,,,,,,,,,,,,,,,
8474184,20102011,Keaton Ellerby,D,21,"6' 5""",220,869:03:00,10,2,22,56,54,74,0,1,21:17,817:26:00,22,0,3.57,0,0,0,0,30:20:00,68,-15,12,1126,16:05,15:08,0:33,0:23,,,,,,,,,,,,,,,,,,,,
8474520,20102011,Jason Garrison,D,25,"6' 1""",218,1627:28:00,13,5,26,116,73,136,0,3,113:21:00,1284:33:00,26,0,4.31,3,1,0,0,229:34:00,127,-2,18,1934,22:17,17:35,3:08,1:33,,,,,,,,,,,,,,,,,,,,
8475179,20102011,Dmitry Kulikov,D,19,"6' 1""",201,1436:26:00,20,6,45,83,72,107,1,5,187:59:00,1185:36:00,45,0,7.23,1,1,0,0,62:51:00,79,-5,26,1726,19:57,16:28,0:52,2:36,,,,,,,,,,,,,,,,,,,,
8475304,20102011,Scott Timmins,C,20,"5' 11""",191,205:32:00,0,1,8,13,19,18,0,0,0:20,168:31:00,8,46.92,7.69,0,0,0,0,36:41:00,11,-8,1,291,10:49,8:52,1:55,0:01,,,,,,,,,,,,,,,,,,,,
8460712,20102011,Tomas Vokoun,G,33,"6' 1""",210,3224:06:00,,,,,57,,,,,,,,,,,,,,,,,,56:33:00,,,,5,6,22,28,1616,259,60,1297,62,1411,280,0.921848,2.549549,57,1753,137,92.5,96.77419355,91.92062367,
8466339,20102011,Scott Clemmensen,G,32,"6' 2""",200,1696:04:00,,,,,31,,,,,,,,,,,,,,,,,,54:42:00,,,,7,1,8,11,759,113,30,616,32,671,130,0.911164,2.617822,25,833,74,86.92307692,93.75,91.80327869,
8474593,20102011,Jacob Markstrom,G,20,"6' 6""",207,39:49:00,,,,,1,,,,,,,,,,,,,,,,,,39:49:00,,,,0,0,0,1,12,5,0,7,0,7,7,0.857143,3.013813,0,14,2,71.42857143,,100,
8460492,20112012,Ed Jovanovski,D,34,"6' 3""",220,1101:51:00,10,3,31,58,66,71,1,4,111:58:00,888:07:00,31,0,5.17,0,0,0,0,101:46:00,73,-11,13,1597,16:41,13:27,1:32,1:41,,,,,,,,,,,,,,,,,,,,
8464979,20112012,Marco Sturm,LW,32,"6' 0""",196,591:06:00,2,3,25,65,48,49,0,0,41:56:00,499:01:00,25,69.23,4.62,1,0,0,0,50:09:00,14,-13,5,903,12:18,10:23,1:02,0:52,,,,,,,,,,,,,,,,,,,,
8465059,20112012,Matt Bradley,RW,32,"6' 3""",200,489:19:00,5,3,31,35,45,134,0,0,6:11,464:50:00,31,42.85,8.57,0,0,0,0,18:18,11,-3,8,697,10:52,10:19,0:24,0:08,,,,,,,,,,,,,,,,,,,,
8466285,20112012,Brian Campbell,D,31,"5' 10""",192,2205:31:00,49,4,6,131,82,46,1,31,339:41:00,1760:51:00,6,0,3.05,0,0,0,0,104:59:00,118,-9,53,2354,26:53:00,21:28,1:16,4:08,,,,,,,,,,,,,,,,,,,,
8466371,20112012,John Madden,C,37,"5' 11""",190,371:28:00,0,3,4,33,31,23,0,0,2:27,334:06:00,4,49.52,9.09,1,0,0,0,34:55:00,12,-4,3,563,11:58,10:46,1:07,0:04,,,,,,,,,,,,,,,,,,,,
8467428,20112012,Krys Barch,RW,30,"6' 2""",225,374:51:00,3,2,114,24,51,67,0,0,1:21,372:48:00,114,28.57,8.33,0,0,0,0,0:42,10,0,5,585,7:21,7:18,0:00,0:01,,,,,,,,,,,,,,,,,,,,
8467463,20112012,Mikael Samuelsson,RW,34,"6' 2""",218,861:10:00,17,14,20,138,54,79,7,13,138:27:00,719:58:00,20,36.36,10.14,1,0,0,0,2:45,11,1,31,1166,15:56,13:19,0:03,2:33,,,,,,,,,,,,,,,,,,,,
8467910,20112012,Nolan Yonkman,D,29,"6' 6""",247,6:19,0,0,0,0,1,0,0,0,0:00,6:19,0,0,0,0,0,0,0,0:00,0,0,0,9,6:19,6:19,0:00,0:00,,,,,,,,,,,,,,,,,,,,
8468162,20112012,Jerred Smithson,C,31,"6' 3""",209,808:23:00,5,1,34,37,69,128,0,0,6:50,670:41:00,34,56.12,2.7,0,0,0,1,130:52:00,43,-5,6,1272,11:42,9:43,1:53,0:05,,,,,,,,,,,,,,,,,,,,
8468478,20112012,Mike Weaver,D,32,"5' 10""",186,1666:53:00,16,0,14,51,82,114,0,0,7:26,1419:05:00,14,0,0,0,0,0,1,240:22:00,137,-2,16,2164,20:19,17:18,2:55,0:05,,,,,,,,,,,,,,,,,,,,
8468518,20112012,Tomas Kopecky,RW,28,"6' 3""",210,1381:37:00,22,10,32,143,80,45,2,8,170:50:00,1050:13:00,32,52.63,6.99,2,0,0,0,160:34:00,35,-8,32,1953,17:16,13:07,2:00,2:08,,,,,,,,,,,,,,,,,,,,
8469457,20112012,Stephen Weiss,C,27,"5' 11""",190,1640:49:00,37,20,60,149,80,92,5,17,263:35:00,1276:02:00,60,53.16,13.42,6,0,1,1,101:12:00,61,5,57,2102,20:30,15:57,1:15,3:17,,,,,,,,,,,,,,,,,,,,
8469473,20112012,Marcel Goc,C,27,"6' 1""",197,1004:12:00,16,11,10,97,57,38,3,4,70:27:00,818:56:00,10,51.63,11.34,1,0,0,0,114:49:00,23,5,27,1415,17:37,14:22,2:00,1:14,,,,,,,,,,,,,,,,,,,,
8470005,20112012,Mark Cullen,C,32,"5' 11""",182,47:59:00,1,0,2,1,6,2,0,0,0:33,47:24:00,2,55.55,0,0,0,0,0,0:02,1,2,1,77,7:59,7:54,0:00,0:05,,,,,,,,,,,,,,,,,,,,
8470039,20112012,Tomas Fleischmann,LW,26,"6' 1""",192,1566:06:00,34,27,26,217,82,32,6,22,259:40:00,1294:54:00,26,51.85,12.44,4,0,0,0,11:32,33,-7,61,2042,19:05,15:47,0:08,3:10,,,,,,,,,,,,,,,,,,,,
8470105,20112012,Scottie Upshall,RW,27,"6' 0""",200,330:45:00,3,2,29,53,26,44,1,1,34:55:00,287:51:00,29,50,3.77,1,0,0,0,7:59,2,-3,5,488,12:43,11:04,0:18,1:20,,,,,,,,,,,,,,,,,,,,
8470176,20112012,Sean Bergenheim,LW,26,"5' 11""",201,1017:33:00,6,17,48,185,62,109,5,5,104:58:00,835:42:00,48,27.27,9.19,2,0,1,1,76:53:00,21,-5,23,1415,16:24,13:28,1:14,1:41,,,,,,,,,,,,,,,,,,,,
8470729,20112012,Tyson Strachan,D,26,"6' 3""",210,215:12:00,2,1,5,14,15,31,0,0,1:51,210:14:00,5,0,7.14,0,0,0,0,3:07,21,1,3,284,14:20,14:00,0:12,0:07,,,,,,,,,,,,,,,,,,,,
8471234,20112012,Wojtek Wolski,LW,24,"6' 3""",215,426:39:00,8,4,2,50,31,34,0,1,45:52:00,380:46:00,2,50,8,0,0,0,0,0:01,5,-5,12,563,13:45,12:16,0:00,1:28,,,,,,,,,,,,,,,,,,,,
8471266,20112012,David Booth,LW,26,"6' 0""",212,925:41:00,14,16,34,159,62,81,3,8,109:47:00,814:02:00,34,50,10.06,1,0,0,0,1:52,13,-5,30,1285,14:55,13:07,0:01,1:46,,,,,,,,,,,,,,,,,,,,
8471346,20112012,Kris Versteeg,RW,24,"5' 11""",176,1413:36:00,31,23,49,181,71,52,8,18,239:43:00,1128:04:00,49,32.3,12.71,5,1,1,1,45:49:00,19,4,54,1794,19:54,15:53,0:38,3:22,,,,,,,,,,,,,,,,,,,,
8471390,20112012,Mike Santorelli,C,25,"6' 0""",189,744:14:00,2,9,18,117,60,49,2,3,65:45:00,676:22:00,18,45.24,7.69,1,0,0,0,2:07,17,-10,11,1058,12:24,11:16,0:02,1:05,,,,,,,,,,,,,,,,,,,,
8471681,20112012,Jack Skille,RW,23,"6' 1""",216,550:26:00,6,4,28,76,46,99,0,0,11:07,523:48:00,28,50,5.26,1,0,1,1,15:31,16,-9,10,791,11:57,11:23,0:20,0:14,,,,,,,,,,,,,,,,,,,,
8471842,20112012,Tim Kennedy,LW,24,"5' 10""",175,300:36:00,1,1,4,22,27,48,0,0,11:50,284:18:00,4,45.39,4.55,1,0,0,0,4:28,11,-11,2,410,11:08,10:31,0:09,0:26,,,,,,,,,,,,,,,,,,,,
8471996,20112012,Bracken Kearns,C,29,"6' 0""",200,36:11:00,0,0,10,0,5,6,0,0,0:00,36:11:00,10,50,0,0,0,0,0,0:00,1,0,0,48,7:14,7:14,0:00,0:00,,,,,,,,,,,,,,,,,,,,
8472361,20112012,Bill Thomas,RW,27,"6' 1""",185,61:11:00,0,1,0,9,7,10,0,0,0:36,57:47:00,0,0,11.11,0,0,0,0,2:48,1,0,1,89,8:44,8:15,0:24,0:05,,,,,,,,,,,,,,,,,,,,
8473444,20112012,Jon Matsumoto,C,24,"6' 0""",185,5:04,0,0,0,0,1,0,0,0,0:15,4:49,0,100,0,0,0,0,0,0:00,0,0,0,9,5:04,4:49,0:00,0:15,,,,,,,,,,,,,,,,,,,,
8473574,20112012,Shawn Matthias,LW,22,"6' 4""",231,1090:58:00,14,10,49,133,79,60,1,2,47:10:00,955:31:00,49,49.41,7.52,1,0,0,0,88:17:00,38,-2,24,1577,13:48,12:05,1:07,0:35,,,,,,,,,,,,,,,,,,,,
8473646,20112012,Ryan Carter,LW,27,"6' 1""",205,745:27:00,4,4,90,50,72,114,0,0,4:21,676:34:00,90,49.76,8,0,0,0,0,64:32:00,25,-13,8,1089,10:21,9:23,0:53,0:03,,,,,,,,,,,,,,,,,,,,
8473867,20112012,Greg Rallo,C,29,"6' 0""",195,3:31,0,0,0,1,1,0,0,0,0:00,3:31,0,0,0,0,0,0,0,0:00,0,0,0,4,3:31,3:31,0:00,0:00,,,,,,,,,,,,,,,,,,,,
8474149,20112012,Evgenii Dadonov,RW,21,"5' 11""",189,150:44:00,1,2,2,21,15,13,0,0,4:32,145:14:00,2,0,9.52,0,0,0,0,0:58,1,-4,3,229,10:02,9:40,0:03,0:18,,,,,,,,,,,,,,,,,,,,
8474153,20112012,Michal Repik,RW,22,"5' 10""",180,176:07:00,3,2,6,35,17,24,1,3,11:56,164:11:00,6,60,5.71,0,0,0,0,0:00,1,-3,5,267,10:21,9:39,0:00,0:42,,,,,,,,,,,,,,,,,,,,
8474184,20112012,Keaton Ellerby,D,22,"6' 5""",220,615:31:00,5,0,10,45,40,80,0,0,3:44,576:31:00,10,0,0,0,0,0,0,35:16:00,75,-3,5,843,15:23,14:24,0:52,0:05,,,,,,,,,,,,,,,,,,,,
8474520,20112012,Jason Garrison,D,26,"6' 1""",218,1824:50:00,17,16,32,168,77,127,9,12,194:21:00,1432:07:00,32,50,9.52,3,0,0,1,198:22:00,124,6,33,2226,23:41,18:35,2:34,2:31,,,,,,,,,,,,,,,,,,,,
8474606,20112012,Colby Robak,D,20,"6' 3""",194,37:42:00,0,0,0,1,3,1,0,0,1:10,36:32:00,0,0,0,0,0,0,0,0:00,2,1,0,52,12:34,12:10,0:00,0:23,,,,,,,,,,,,,,,,,,,,
8475179,20112012,Dmitry Kulikov,D,20,"6' 1""",201,1267:38:00,24,4,36,104,58,104,2,10,165:04:00,1042:06:00,36,0,3.85,1,0,0,0,60:28:00,74,-5,28,1588,21:51,17:58,1:02,2:50,,,,,,,,,,,,,,,,,,,,
8475790,20112012,Erik Gudbranson,D,19,"6' 5""",222,1022:15:00,6,2,78,76,72,154,0,1,35:57:00,964:17:00,78,0,2.63,0,0,0,0,22:01,73,-19,8,1452,14:11,13:23,0:18,0:29,,,,,,,,,,,,,,,,,,,,
8460535,20112012,Jose Theodore,G,34,"5' 11""",172,3049:27:00,,,,,53,,,,,,,,,,,,,,,,,,57:32:00,,,,11,3,22,16,1377,195,29,1153,32,1242,228,0.916778,2.45946,51,1502,125,85.52631579,90.625,92.83413849,
8466339,20112012,Scott Clemmensen,G,33,"6' 2""",200,1565:52:00,,,,,30,,,,,,,,,,,,,,,,,,52:11:00,,,,6,1,14,6,706,78,14,614,16,666,91,0.913325,2.567268,25,773,67,85.71428571,87.5,92.19219219,
8471822,20112012,Brian Foster,G,23,"6' 2""",185,4:52,,,,,1,,,,,,,,,,,,,,,,,,4:52,,,,0,0,0,0,1,0,0,1,0,1,0,1,0,0,1,0,,,100,
8474593,20112012,Jacob Markstrom,G,21,"6' 6""",207,383:15:00,,,,,7,,,,,,,,,,,,,,,,,,54:45:00,,,,1,0,2,4,205,36,5,164,5,179,38,0.923423,2.661448,6,222,17,94.73684211,100,91.62011173,
8458529,20122013,Alex Kovalev,RW,38,"6' 2""",222,218:35:00,3,2,6,21,14,7,1,2,42:03:00,176:16:00,6,33.33,9.52,1,0,0,0,0:16,5,-1,5,264,15:36,12:35,0:01,3:00,,,,,,,,,,,,,,,,,,,,
8460492,20122013,Ed Jovanovski,D,35,"6' 3""",220,93:59:00,1,0,0,6,6,3,0,0,4:47,73:05:00,0,0,0,0,0,0,0,16:07,8,-4,1,135,15:39,12:10,2:41,0:47,,,,,,,,,,,,,,,,,,,,
8462225,20122013,Filip Kuba,D,35,"6' 4""",225,933:50:00,9,1,24,50,44,37,0,4,71:22:00,750:38:00,24,0,2,0,0,0,0,111:50:00,69,-18,10,1207,21:13,17:03,2:32,1:37,,,,,,,,,,,,,,,,,,,,
8466285,20122013,Brian Campbell,D,32,"5' 10""",192,1268:00:00,19,8,12,70,48,14,6,17,184:51:00,989:41:00,12,0,11.43,2,0,0,0,93:28:00,65,-22,27,1370,26:25:00,20:37,1:56,3:51,,,,,,,,,,,,,,,,,,,,
8467910,20122013,Nolan Yonkman,D,30,"6' 6""",247,68:23:00,0,0,11,4,7,12,0,0,0:00,66:12:00,11,0,0,0,0,0,0,2:11,2,-1,0,95,9:46,9:27,0:18,0:00,,,,,,,,,,,,,,,,,,,,
8468095,20122013,George Parros,RW,32,"6' 5""",224,257:48:00,1,1,57,16,39,53,0,0,0:19,256:45:00,57,0,6.25,0,0,0,0,0:44,13,-15,2,383,6:36,6:35,0:01,0:00,,,,,,,,,,,,,,,,,,,,
8468162,20122013,Jerred Smithson,C,32,"6' 3""",209,479:44:00,3,3,12,29,45,96,0,0,1:48,380:00:00,12,55.43,10.34,0,0,0,0,97:56:00,30,-4,6,773,10:39,8:26,2:10,0:02,,,,,,,,,,,,,,,,,,,,
8468478,20122013,Mike Weaver,D,33,"5' 10""",186,543:44:00,8,1,8,21,27,49,0,0,2:55,451:04:00,8,0,4.76,0,0,0,0,89:45:00,51,-3,9,690,20:08,16:42,3:19,0:06,,,,,,,,,,,,,,,,,,,,
8468518,20122013,Tomas Kopecky,RW,29,"6' 3""",210,831:13:00,12,15,28,92,47,23,4,9,98:24:00,644:47:00,28,48.83,16.3,0,0,1,1,88:02:00,25,-8,27,1145,17:41,13:43,1:52,2:05,,,,,,,,,,,,,,,,,,,,
8469457,20122013,Stephen Weiss,C,28,"5' 11""",190,313:50:00,3,1,25,19,17,6,1,2,41:59:00,242:00:00,25,51.08,5.26,0,0,0,0,29:51:00,10,-13,4,414,18:27,14:14,1:45,2:28,,,,,,,,,,,,,,,,,,,,
8469473,20122013,Marcel Goc,C,28,"6' 1""",197,767:19:00,10,9,8,92,42,73,4,6,72:18:00,605:34:00,8,52.16,9.78,1,0,0,0,89:27:00,20,-6,19,1052,18:16,14:25,2:07,1:43,,,,,,,,,,,,,,,,,,,,
8470039,20122013,Tomas Fleischmann,LW,27,"6' 1""",192,899:14:00,23,12,16,121,48,29,2,13,117:44:00,739:41:00,16,50,9.92,2,0,1,1,41:49:00,10,-10,35,1169,18:44,15:24,0:52,2:27,,,,,,,,,,,,,,,,,,,,
8470105,20122013,Scottie Upshall,RW,28,"6' 0""",200,364:29:00,1,4,25,54,27,38,1,1,22:01,309:08:00,25,64.28,7.41,1,0,0,0,33:20:00,6,-8,5,535,13:29,11:26,1:14,0:48,,,,,,,,,,,,,,,,,,,,
8470729,20122013,Tyson Strachan,D,27,"6' 3""",210,720:27:00,4,0,40,42,38,110,0,0,4:05,644:29:00,40,0,0,0,0,0,0,71:53:00,62,-13,4,902,18:57,16:57,1:53,0:06,,,,,,,,,,,,,,,,,,,,
8471346,20122013,Kris Versteeg,RW,25,"5' 11""",176,168:50:00,2,2,8,20,10,5,0,1,25:03:00,139:34:00,8,0,10,0,0,0,0,4:13,3,-8,4,212,16:53,13:57,0:25,2:30,,,,,,,,,,,,,,,,,,,,
8471390,20122013,Mike Santorelli,C,26,"6' 0""",189,403:26:00,2,2,2,35,34,12,0,0,8:32,394:12:00,2,59.57,5.71,0,0,0,0,0:42,3,-12,4,528,11:51,11:35,0:01,0:15,,,,,,,,,,,,,,,,,,,,
8471681,20122013,Jack Skille,RW,24,"6' 1""",216,532:57:00,9,3,11,69,40,96,0,0,9:44,479:24:00,11,50,4.35,0,0,0,0,43:49:00,15,-9,12,743,13:19,11:59,1:05,0:14,,,,,,,,,,,,,,,,,,,,
8473416,20122013,Michael Caruso,D,23,"6' 2""",191,15:50,0,0,0,0,2,0,0,0,0:00,11:50,0,0,0,0,0,0,0,4:00,2,-1,0,24,7:55,5:55,2:00,0:00,,,,,,,,,,,,,,,,,,,,
8473526,20122013,Peter Mueller,C,23,"6' 2""",204,699:16:00,9,8,18,131,43,29,2,4,101:09:00,596:20:00,18,44.23,6.11,0,0,0,0,1:47,10,-11,17,906,16:15,13:52,0:02,2:21,,,,,,,,,,,,,,,,,,,,
8473574,20122013,Shawn Matthias,LW,23,"6' 4""",231,729:07:00,7,14,16,106,48,66,2,3,43:38:00,634:58:00,16,44.09,13.21,1,0,1,1,50:31:00,21,-8,21,1007,15:11,13:13,1:03,0:54,,,,,,,,,,,,,,,,,,,,
8473616,20122013,Jonathan Rheault,RW,25,"5' 10""",202,52:51:00,0,0,0,5,5,12,0,0,0:41,51:59:00,0,0,0,0,0,0,0,0:11,4,0,0,73,10:34,10:23,0:02,0:08,,,,,,,,,,,,,,,,,,,,
8473867,20122013,Greg Rallo,C,30,"6' 0""",195,95:32:00,0,1,2,10,10,20,1,1,0:54,94:38:00,2,33.33,10,0,0,0,0,0:00,1,-5,1,130,9:33,9:27,0:00,0:05,,,,,,,,,,,,,,,,,,,,
8474113,20122013,TJ Brennan,D,22,"6' 1""",216,483:58:00,7,3,8,42,29,31,1,4,63:36:00,415:59:00,8,0,7.14,0,0,0,0,4:23,32,-9,10,589,16:41,14:20,0:09,2:11,,,,,,,,,,,,,,,,,,,,
8474184,20122013,Keaton Ellerby,D,23,"6' 5""",220,636:54:00,3,0,52,23,44,74,0,0,5:00,561:10:00,52,0,0,0,0,0,0,70:44:00,43,3,3,918,14:28,12:45,1:36,0:06,,,,,,,,,,,,,,,,,,,,
8474554,20122013,Eric Selleck,LW,24,"6' 2""",208,15:50,1,0,17,2,2,5,0,0,0:00,15:50,17,0,0,0,0,0,0,0:00,0,2,1,25,7:55,7:55,0:00,0:00,,,,,,,,,,,,,,,,,,,,
8474606,20122013,Colby Robak,D,21,"6' 3""",194,242:49:00,1,0,17,15,16,4,0,0,20:03,214:25:00,17,0,0,0,0,0,0,8:21,13,-1,1,329,15:10,13:24,0:31,1:15,,,,,,,,,,,,,,,,,,,,
8475179,20122013,Dmitry Kulikov,D,21,"6' 1""",201,713:12:00,7,3,22,52,34,84,2,6,81:49:00,590:04:00,22,0,5.77,2,1,0,0,41:19:00,49,-5,10,869,20:58,17:21,1:12,2:24,,,,,,,,,,,,,,,,,,,,
8475213,20122013,Drew Shore,C,21,"6' 2""",209,679:42:00,10,3,14,96,43,37,1,3,41:58:00,600:03:00,14,47.85,3.13,1,0,1,1,37:41:00,18,-10,13,871,15:48,13:57,0:52,0:58,,,,,,,,,,,,,,,,,,,,
8475304,20122013,Scott Timmins,C,22,"5' 11""",191,52:55:00,0,0,4,6,5,6,0,0,0:17,44:02:00,4,48.38,0,0,0,0,0,8:36,5,-2,0,74,10:35,8:48,1:43,0:03,,,,,,,,,,,,,,,,,,,,
8475755,20122013,Alexander Petrovic,D,19,"6' 4""",220,112:41:00,0,0,25,5,6,10,0,0,1:46,106:48:00,25,0,0,0,0,0,0,4:07,4,-8,0,141,18:46,17:48,0:41,0:17,,,,,,,,,,,,,,,,,,,,
8475760,20122013,Nick Bjugstad,C,19,"6' 6""",209,167:19:00,0,1,2,17,11,17,0,0,10:53,155:32:00,2,40.15,5.88,0,0,0,0,0:54,2,-8,1,222,15:12,14:08,0:04,0:59,,,,,,,,,,,,,,,,,,,,
8475769,20122013,Quinton Howden,C,20,"6' 2""",189,188:12:00,0,0,2,22,18,21,0,0,0:37,185:27:00,2,25,0,0,0,0,0,2:08,6,-11,0,259,10:27,10:18,0:07,0:02,,,,,,,,,,,,,,,,,,,,
8475790,20122013,Erik Gudbranson,D,20,"6' 5""",222,599:57:00,4,0,47,49,32,80,0,1,20:52,526:55:00,47,0,0,0,0,0,0,52:10:00,32,-22,4,788,18:44,16:27,1:37,0:39,,,,,,,,,,,,,,,,,,,,
8476456,20122013,Jonathan Huberdeau,C,18,"6' 1""",200,812:31:00,17,14,18,112,48,33,2,9,113:29:00,697:38:00,18,33.33,12.5,1,0,0,0,1:24,19,-15,31,1040,16:55,14:32,0:01,2:21,,,,,,,,,,,,,,,,,,,,
8460535,20122013,Jose Theodore,G,35,"5' 11""",172,766:28:00,,,,,15,,,,,,,,,,,,,,,,,,51:05:00,,,,3,0,4,6,349,50,7,292,7,324,60,0.892583,3.287814,14,391,42,83.33333333,100,90.12345679,
8466339,20122013,Scott Clemmensen,G,34,"6' 2""",200,866:25:00,,,,,19,,,,,,,,,,,,,,,,,,45:36:00,,,,2,0,3,7,368,58,6,304,6,346,69,0.874109,3.67029,11,421,53,84.05797101,100,87.86127168,
8474593,20122013,Jacob Markstrom,G,22,"6' 6""",207,1265:45:00,,,,,23,,,,,,,,,,,,,,,,,,55:01:00,,,,1,0,8,14,617,74,14,529,14,580,91,0.90073,3.223385,23,685,68,81.31868132,100,91.20689655,
8460492,20132014,Ed Jovanovski,D,36,"6' 3""",220,598:17:00,4,1,39,44,37,34,0,1,60:35:00,465:59:00,39,0,2.27,0,0,0,1,71:43:00,42,-6,5,911,16:10,12:35,1:56,1:38,,,,,,,,,,,,,,,,,,,,
8466285,20132014,Brian Campbell,D,33,"5' 10""",192,2210:32:00,30,7,20,116,82,50,2,12,319:43:00,1731:08:00,20,0,6.03,2,0,0,2,159:41:00,108,-6,37,2474,26:57:00,21:06,1:56,3:53,,,,,,,,,,,,,,,,,,,,
8466309,20132014,Mike Mottau,D,34,"6' 0""",195,101:19:00,0,0,4,1,8,3,0,0,0:44,90:01:00,4,0,0,0,0,0,0,10:34,5,-3,0,153,12:39,11:15,1:19,0:05,,,,,,,,,,,,,,,,,,,,
8467351,20132014,Scott Gomez,C,33,"5' 11""",200,604:04:00,10,2,24,56,46,16,0,2,62:19:00,540:08:00,24,46.4,3.57,0,0,0,0,1:37,16,-11,12,831,13:07,11:44,0:02,1:21,,,,,,,,,,,,,,,,,,,,
8467428,20132014,Krys Barch,RW,32,"6' 2""",225,328:45:00,4,0,99,19,55,64,0,0,0:38,327:25:00,99,100,0,0,0,0,0,0:42,6,-10,4,491,5:58,5:57,0:00,0:00,,,,,,,,,,,,,,,,,,,,
8468478,20132014,Mike Weaver,D,34,"5' 10""",186,1330:43:00,12,1,31,53,72,121,0,0,7:41,1110:58:00,31,100,1.89,0,0,0,0,212:04:00,128,0,13,1829,18:28,15:25,2:56,0:06,,,,,,,,,,,,,,,,,,,,
8468504,20132014,Brad Boyes,RW,30,"6' 0""",199,1329:26:00,15,21,28,176,78,46,2,3,192:43:00,1112:53:00,28,53.62,11.93,1,0,1,1,23:50,35,-6,36,1745,17:02,14:16,0:18,2:28,,,,,,,,,,,,,,,,,,,,
8468518,20132014,Tomas Kopecky,RW,30,"6' 3""",210,778:24:00,8,4,18,95,49,31,0,0,68:54:00,621:43:00,18,27.58,4.21,0,0,1,1,87:47:00,19,0,12,1065,15:53,12:41,1:47,1:24,,,,,,,,,,,,,,,,,,,,
8469473,20132014,Marcel Goc,C,29,"6' 1""",197,1208:11:00,14,11,35,117,74,119,0,2,60:07:00,980:23:00,35,53.36,9.4,1,0,0,0,167:41:00,43,-7,25,1710,16:19,13:14,2:15,0:48,,,,,,,,,,,,,,,,,,,,
8470039,20132014,Tomas Fleischmann,LW,28,"6' 1""",192,1369:39:00,20,8,22,188,80,59,2,7,207:17:00,1077:27:00,22,27.77,4.26,1,0,0,1,84:55:00,11,-18,28,1864,17:07,13:28,1:03,2:35,,,,,,,,,,,,,,,,,,,,
8470104,20132014,Tom Gilbert,D,30,"6' 2""",210,1557:54:00,25,3,18,93,73,59,2,6,162:02:00,1332:16:00,18,0,3.23,1,0,0,0,63:36:00,95,-5,28,1960,21:20,18:15,0:52,2:13,,,,,,,,,,,,,,,,,,,,
8470105,20132014,Scottie Upshall,RW,29,"6' 0""",200,1210:04:00,22,15,73,161,76,134,1,6,119:54:00,996:31:00,73,45.07,9.32,3,0,1,1,93:39:00,25,1,37,1748,15:55,13:06,1:13,1:34,,,,,,,,,,,,,,,,,,,,
8470156,20132014,Joey Crabb,RW,29,"6' 1""",190,129:25:00,1,0,7,5,9,23,0,0,1:54,110:47:00,7,50,0,0,0,0,0,16:44,5,-2,1,188,14:22,12:18,1:51,0:12,,,,,,,,,,,,,,,,,,,,
8470176,20132014,Sean Bergenheim,LW,28,"5' 11""",201,1023:21:00,13,16,40,190,62,111,3,4,144:25:00,856:12:00,40,50,8.42,3,0,0,0,22:44,18,-16,29,1386,16:30,13:48,0:22,2:19,,,,,,,,,,,,,,,,,,,,
8470309,20132014,Ryan Whitney,D,29,"6' 4""",209,117:14:00,0,0,6,8,7,4,0,0,13:40,101:23:00,6,0,0,0,0,0,0,2:11,10,-7,0,153,16:44,14:29,0:18,1:57,,,,,,,,,,,,,,,,,,,,
8471346,20132014,Kris Versteeg,RW,26,"5' 11""",176,1171:29:00,24,12,36,157,81,29,1,8,159:49:00,1008:15:00,36,47.05,7.64,1,0,0,0,3:25,23,0,36,1556,14:27,12:26,0:02,1:58,,,,,,,,,,,,,,,,,,,,
8473574,20132014,Shawn Matthias,LW,24,"6' 4""",231,1002:05:00,11,12,26,127,77,93,0,0,27:43:00,842:33:00,26,42.26,9.45,0,0,0,0,131:49:00,29,-3,23,1418,13:00,10:56,1:42,0:21,,,,,,,,,,,,,,,,,,,,
8474498,20132014,Jesse Winchester,C,29,"6' 1""",205,662:20:00,9,9,38,100,52,65,1,1,18:07,544:49:00,38,48.46,9,2,0,0,0,99:24:00,21,-2,18,1015,12:44,10:28,1:54,0:20,,,,,,,,,,,,,,,,,,,,
8474606,20132014,Colby Robak,D,22,"6' 3""",194,297:10:00,2,0,6,15,16,17,0,0,7:07,253:30:00,6,0,0,0,0,0,1,36:33:00,19,-4,2,438,18:34,15:50,2:17,0:26,,,,,,,,,,,,,,,,,,,,
8474625,20132014,Jimmy Hayes,RW,23,"6' 5""",215,603:12:00,7,11,18,72,55,115,3,4,67:54:00,535:04:00,18,36.66,15.28,0,0,0,0,0:14,19,-5,18,810,10:58,9:43,0:00,1:14,,,,,,,,,,,,,,,,,,,,
8475118,20132014,Matt Gilroy,D,28,"6' 1""",199,260:02:00,1,1,6,27,16,5,0,0,18:20,241:03:00,6,0,3.7,0,0,0,0,0:39,18,-2,2,352,16:15,15:03,0:02,1:08,,,,,,,,,,,,,,,,,,,,
8475153,20132014,Dylan Olsen,D,22,"6' 2""",223,679:13:00,9,3,8,60,44,116,0,1,8:11,607:10:00,8,0,5,0,0,0,0,63:52:00,55,-3,12,1045,15:26,13:47,1:27,0:11,,,,,,,,,,,,,,,,,,,,
8475179,20132014,Dmitry Kulikov,D,22,"6' 1""",201,1757:09:00,11,8,66,127,81,125,2,5,193:39:00,1417:04:00,66,0,6.3,0,0,1,1,146:26:00,92,-26,19,2282,21:41,17:29,1:48,2:23,,,,,,,,,,,,,,,,,,,,
8475204,20132014,Brandon Pirri,C,21,"6' 1""",180,635:50:00,12,13,8,80,49,24,3,6,72:23:00,563:27:00,8,44.93,16.25,0,0,0,0,0:00,15,6,25,866,12:58,11:29,0:00,1:28,,,,,,,,,,,,,,,,,,,,
8475213,20132014,Drew Shore,C,22,"6' 2""",209,287:52:00,2,5,8,23,24,23,1,1,18:49,223:57:00,8,41.34,21.74,1,0,1,1,45:06:00,5,-1,7,406,11:59,9:19,1:52,0:47,,,,,,,,,,,,,,,,,,,,
8475253,20132014,Garrett Wilson,LW,21,"6' 3""",218,31:00:00,0,0,0,4,3,11,0,0,1:04,29:56:00,0,0,0,0,0,0,0,0:00,2,-1,0,49,10:20,9:58,0:00,0:21,,,,,,,,,,,,,,,,,,,,
8475637,20132014,Bobby Butler,RW,25,"6' 0""",189,27:40:00,1,0,2,5,2,2,0,0,1:40,26:00:00,2,0,0,0,0,0,0,0:00,0,1,1,38,13:50,13:00,0:00,0:50,,,,,,,,,,,,,,,,,,,,
8475755,20132014,Alexander Petrovic,D,20,"6' 4""",220,85:39:00,1,0,8,4,7,24,0,0,0:00,81:37:00,8,0,0,0,0,0,0,4:02,5,3,1,119,12:14,11:39,0:34,0:00,,,,,,,,,,,,,,,,,,,,
8475760,20132014,Nick Bjugstad,C,20,"6' 6""",209,1232:39:00,22,16,16,185,76,117,0,3,162:48:00,1043:31:00,16,48.88,8.65,4,0,1,2,26:20:00,23,-14,38,1742,16:13,13:43,0:20,2:08,,,,,,,,,,,,,,,,,,,,
8475769,20132014,Quinton Howden,C,21,"6' 2""",189,219:30:00,2,4,10,23,16,32,0,0,0:52,188:24:00,10,25,17.39,0,0,1,1,30:14:00,11,0,6,307,13:43,11:46,1:53,0:03,,,,,,,,,,,,,,,,,,,,
8475790,20132014,Erik Gudbranson,D,21,"6' 5""",222,1168:46:00,6,3,114,92,65,158,0,1,55:49:00,986:42:00,114,0,3.26,0,0,0,0,126:15:00,91,-7,9,1610,17:58,15:10,1:56,0:51,,,,,,,,,,,,,,,,,,,,
8476389,20132014,Vincent Trocheck,C,19,"5' 11""",184,377:44:00,3,5,6,38,20,39,1,1,51:07:00,280:58:00,6,47.7,13.16,0,0,1,1,45:39:00,11,-11,8,502,18:53,14:02,2:16,2:33,,,,,,,,,,,,,,,,,,,,
8476411,20132014,Jonathan Racine,D,19,"6' 2""",194,15:35,0,0,2,0,1,1,0,0,0:06,13:46,2,0,0,0,0,0,0,1:43,4,-1,0,25,15:35,13:46,1:43,0:06,,,,,,,,,,,,,,,,,,,,
8476456,20132014,Jonathan Huberdeau,C,19,"6' 1""",200,1080:53:00,19,9,37,108,69,73,2,5,137:06:00,942:18:00,37,45.45,8.33,1,0,0,0,1:29,23,-5,28,1497,15:39,13:39,0:01,1:59,,,,,,,,,,,,,,,,,,,,
8477493,20132014,Aleksander Barkov,C,17,"6' 3""",215,923:13:00,16,8,10,87,54,16,3,6,144:07:00,771:59:00,10,48.84,9.2,1,0,0,0,7:07,27,-3,24,1229,17:05,14:17,0:07,2:40,,,,,,,,,,,,,,,,,,,,
8460703,20132014,Tim Thomas,G,38,"5' 11""",201,2662:29:00,,,,,48,,,,,,,,,,,,,,,,,,55:28:00,,,,4,0,18,24,1262,196,33,1033,35,1132,223,0.907914,2.884579,46,1390,128,87.89237668,94.28571429,91.25441696,
8466141,20132014,Roberto Luongo,G,33,"6' 3""",215,3222:20:00,,,,,56,,,,,,,,,,,,,,,,,,57:32:00,,,,7,4,25,23,1460,206,32,1222,34,1321,234,0.918817,2.401986,56,1589,129,88.03418803,94.11764706,92.50567752,
8466339,20132014,Scott Clemmensen,G,35,"6' 2""",200,914:11:00,,,,,17,,,,,,,,,,,,,,,,,,53:46:00,,,,1,0,6,7,407,59,12,336,13,365,76,0.896476,3.08472,14,454,47,77.63157895,92.30769231,92.05479452,
8468540,20132014,Dan Ellis,G,32,"6' 1""",195,1027:19:00,,,,,20,,,,,,,,,,,,,,,,,,51:21:00,,,,0,1,5,11,452,76,13,363,15,413,86,0.879377,3.621084,16,514,62,88.37209302,86.66666667,87.89346247,
8474593,20132014,Jacob Markstrom,G,23,"6' 6""",207,813:21:00,,,,,16,,,,,,,,,,,,,,,,,,50:50:00,,,,3,0,2,8,315,45,9,261,10,298,53,0.872576,3.393373,12,361,46,84.90566038,90,87.58389262,
8448208,20142015,Jaromir Jagr,RW,41,"6' 3""",230,1352:54:00,30,17,48,169,77,30,4,11,182:05:00,1170:11:00,48,100,10.06,5,1,0,0,0:38,14,-3,47,1671,17:34,15:11,0:00,2:21,,,,,,,,,,,,,,,,,,,,
8465185,20142015,Willie Mitchell,D,36,"6' 3""",210,1430:48:00,5,3,25,78,66,99,0,0,8:55,1205:43:00,25,0,3.85,0,0,0,1,216:10:00,144,1,8,1729,21:40,18:16,3:16,0:08,,,,,,,,,,,,,,,,,,,,
8465978,20142015,Shawn Thornton,LW,36,"6' 2""",217,440:52:00,4,1,50,53,46,93,0,0,3:34,436:18:00,50,25,1.89,0,0,0,0,1:00,5,-13,5,615,9:35,9:29,0:01,0:04,,,,,,,,,,,,,,,,,,,,
8466285,20142015,Brian Campbell,D,34,"5' 10""",192,1903:05:00,24,3,22,118,82,44,1,12,248:36:00,1571:42:00,22,0,2.54,0,0,0,0,82:47:00,85,4,27,2083,23:12,19:10,1:00,3:01,,,,,,,,,,,,,,,,,,,,
8468001,20142015,Derek MacKenzie,C,32,"5' 11""",177,1020:58:00,6,5,45,72,82,273,1,1,15:06,809:43:00,45,53.13,6.94,0,0,0,0,196:09:00,51,-17,11,1495,12:27,9:52,2:23,0:11,,,,,,,,,,,,,,,,,,,,
8468504,20142015,Brad Boyes,RW,31,"6' 0""",199,1220:44:00,24,14,20,151,78,60,5,9,157:43:00,1058:48:00,20,56.06,9.27,4,1,0,0,4:13,38,11,38,1513,15:39,13:34,0:03,2:01,,,,,,,,,,,,,,,,,,,,
8468518,20142015,Tomas Kopecky,RW,31,"6' 3""",210,825:50:00,6,2,28,106,64,88,0,0,7:44,671:07:00,28,75,1.89,1,0,0,0,146:59:00,22,-19,8,1150,12:54,10:29,2:17,0:07,,,,,,,,,,,,,,,,,,,,
8469638,20142015,Jussi Jokinen,LW,30,"6' 0""",191,1355:47:00,36,8,34,134,81,52,2,9,180:20:00,1034:40:00,34,50.4,5.97,0,0,0,0,140:47:00,50,-2,44,1794,16:44,12:46,1:44,2:13,,,,,,,,,,,,,,,,,,,,
8470039,20142015,Tomas Fleischmann,LW,29,"6' 1""",192,970:23:00,19,8,12,131,66,64,0,1,75:55:00,840:46:00,12,28.57,6.11,1,0,0,0,53:42:00,15,12,27,1278,14:42,12:44,0:48,1:09,,,,,,,,,,,,,,,,,,,,
8470105,20142015,Scottie Upshall,RW,30,"6' 0""",200,798:58:00,7,8,28,93,63,128,0,1,28:57:00,689:56:00,28,52.3,8.6,2,0,0,0,80:05:00,27,-8,15,1147,12:40,10:57,1:16,0:27,,,,,,,,,,,,,,,,,,,,
8470176,20142015,Sean Bergenheim,LW,29,"5' 11""",201,734:34:00,10,9,40,108,56,73,0,2,23:15,704:53:00,40,33.33,8.33,2,0,0,0,6:26,13,-2,19,932,13:07,12:35,0:06,0:24,,,,,,,,,,,,,,,,,,,,
8470839,20142015,Shane O'Brien,D,30,"6' 3""",230,121:19:00,1,0,5,4,9,36,0,0,0:59,114:42:00,5,0,0,0,0,0,0,5:38,12,-4,1,174,13:28,12:44,0:37,0:06,,,,,,,,,,,,,,,,,,,,
8471245,20142015,Dave Bolland,C,27,"6' 0""",184,866:38:00,17,6,48,76,53,88,0,5,71:07:00,701:09:00,48,44.46,7.89,0,0,1,1,94:22:00,21,4,23,1180,16:21,13:13,1:46,1:20,,,,,,,,,,,,,,,,,,,,
8474000,20142015,Steven Kampfer,D,25,"5' 11""",198,429:55:00,2,2,12,28,25,49,0,1,10:42,392:50:00,12,0,7.14,1,0,0,0,26:23:00,33,-4,4,544,17:11,15:42,1:03,0:25,,,,,,,,,,,,,,,,,,,,
8474606,20142015,Colby Robak,D,23,"6' 3""",194,167:01:00,1,0,2,8,12,16,0,0,0:49,157:36:00,2,0,0,0,0,0,0,8:36,10,2,1,227,13:55,13:08,0:43,0:04,,,,,,,,,,,,,,,,,,,,
8474625,20142015,Jimmy Hayes,RW,24,"6' 5""",215,1090:16:00,16,19,20,166,72,147,4,11,143:28:00,943:50:00,20,44.44,11.45,3,0,0,0,2:58,12,-4,35,1315,15:08,13:06,0:02,1:59,,,,,,,,,,,,,,,,,,,,
8475153,20142015,Dylan Olsen,D,23,"6' 2""",223,699:44:00,6,2,20,44,44,77,0,1,25:33:00,596:38:00,20,0,4.55,0,0,0,0,77:33:00,52,-7,8,976,15:54,13:33,1:45,0:34,,,,,,,,,,,,,,,,,,,,
8475179,20142015,Dmitry Kulikov,D,23,"6' 1""",201,1555:44:00,19,3,48,83,73,114,1,6,109:03:00,1261:47:00,48,0,3.61,0,0,0,1,184:54:00,105,0,22,1905,21:18,17:17,2:31,1:29,,,,,,,,,,,,,,,,,,,,
8475204,20142015,Brandon Pirri,C,22,"6' 1""",180,723:43:00,2,22,14,143,49,39,7,7,84:33:00,636:23:00,14,49.14,15.38,4,0,0,0,2:47,13,6,24,885,14:46,12:59,0:03,1:43,,,,,,,,,,,,,,,,,,,,
8475253,20142015,Garrett Wilson,LW,22,"6' 3""",218,17:41,0,0,0,5,2,5,0,0,0:22,17:19,0,0,0,0,0,0,0,0:00,1,-2,0,25,8:50,8:39,0:00,0:11,,,,,,,,,,,,,,,,,,,,
8475755,20142015,Alexander Petrovic,D,21,"6' 4""",220,536:34:00,3,0,34,29,33,76,0,0,6:11,504:23:00,34,0,0,0,0,0,0,26:00:00,34,-4,3,686,16:15,15:17,0:47,0:11,,,,,,,,,,,,,,,,,,,,
8475760,20142015,Nick Bjugstad,C,21,"6' 6""",209,1193:55:00,19,24,38,207,72,148,7,12,166:50:00,989:52:00,38,48.89,11.59,3,0,0,0,37:13:00,29,-7,43,1508,16:34,13:44,0:31,2:19,,,,,,,,,,,,,,,,,,,,
8475790,20142015,Erik Gudbranson,D,22,"6' 5""",222,1414:58:00,9,4,58,110,76,212,0,4,67:09:00,1182:01:00,58,0,3.64,0,0,0,0,165:48:00,75,-4,13,1830,18:37,15:33,2:10,0:53,,,,,,,,,,,,,,,,,,,,
8476389,20142015,Vincent Trocheck,C,20,"5' 11""",184,700:16:00,15,7,24,89,50,93,1,1,45:18:00,649:58:00,24,48.64,7.87,0,0,0,0,5:00,19,9,22,859,14:00,12:59,0:06,0:54,,,,,,,,,,,,,,,,,,,,
8476428,20142015,Rocco Grimaldi,RW,20,"5' 6""",180,88:16:00,0,1,4,18,7,7,0,0,2:38,85:38:00,4,42.85,5.56,0,0,0,0,0:00,1,1,1,127,12:36,12:14,0:00,0:22,,,,,,,,,,,,,,,,,,,,
8476456,20142015,Jonathan Huberdeau,C,20,"6' 1""",200,1323:05:00,39,15,38,169,79,68,0,12,185:21:00,1127:24:00,38,25,8.88,0,0,0,0,10:20,24,10,54,1636,16:44,14:16,0:07,2:20,,,,,,,,,,,,,,,,,,,,
8477493,20142015,Aleksander Barkov,C,18,"6' 3""",215,1242:25:00,20,16,16,123,71,35,3,7,160:55:00,1049:02:00,16,46.1,13.01,3,0,0,0,32:28:00,35,-4,36,1516,17:29,14:46,0:27,2:15,,,,,,,,,,,,,,,,,,,,
8477932,20142015,Aaron Ekblad,D,17,"6' 4""",215,1766:37:00,27,12,32,170,81,109,6,13,227:24:00,1504:41:00,32,0,7.06,4,0,0,0,34:32:00,80,12,39,1966,21:48,18:34,0:25,2:48,,,,,,,,,,,,,,,,,,,,
8466141,20142015,Roberto Luongo,G,34,"6' 3""",215,3528:11:00,,,,,61,,,,,,,,,,,,,,,,,,57:50:00,,,,12,2,28,19,1605,248,35,1322,38,1418,287,0.920826,2.346817,61,1743,138,86.41114983,92.10526316,93.22990127,
8468540,20142015,Dan Ellis,G,33,"6' 1""",195,486:28:00,,,,,8,,,,,,,,,,,,,,,,,,60:48:00,,,,1,1,4,3,202,26,4,172,5,187,29,0.914027,2.343429,8,221,19,89.65517241,80,91.97860963,
8471219,20142015,Al Montoya,G,28,"6' 2""",200,976:56:00,,,,,20,,,,,,,,,,,,,,,,,,48:50:00,,,,2,0,6,7,404,51,11,342,13,382,58,0.891832,3.009417,13,453,49,87.93103448,84.61538462,89.52879581,
8448208,20152016,Jaromir Jagr,RW,42,"6' 3""",230,1348:56:00,39,27,48,143,79,31,5,11,214:27:00,1133:11:00,48,0,18.88,4,0,0,0,1:18,16,23,66,1616,17:04,14:20,0:00,2:42,,,,,,,,,,,,,,,,,,,,
8465185,20152016,Willie Mitchell,D,37,"6' 3""",210,916:34:00,6,1,18,33,46,68,0,0,5:54,761:48:00,18,0,3.03,1,0,0,0,148:52:00,70,-2,7,1093,19:55,16:33,3:14,0:07,,,,,,,,,,,,,,,,,,,,
8465978,20152016,Shawn Thornton,LW,37,"6' 2""",217,434:27:00,4,1,80,58,50,73,0,0,5:28,428:59:00,80,46.15,1.72,0,0,0,0,0:00,2,-2,5,593,8:41,8:34,0:00,0:06,,,,,,,,,,,,,,,,,,,,
8466285,20152016,Brian Campbell,D,35,"5' 10""",192,1826:47:00,25,6,26,99,82,27,0,8,220:11:00,1474:03:00,26,0,6.06,1,1,1,1,132:33:00,80,31,31,2052,22:16,17:58,1:36,2:41,,,,,,,,,,,,,,,,,,,,
8468001,20152016,Derek MacKenzie,C,33,"5' 11""",177,841:42:00,7,6,36,79,64,154,0,0,9:27,663:39:00,36,54.8,7.59,3,0,0,1,168:36:00,38,7,13,1225,13:09,10:22,2:38,0:08,,,,,,,,,,,,,,,,,,,,
8469638,20152016,Jussi Jokinen,LW,31,"6' 0""",191,1481:36:00,42,18,42,153,81,43,5,12,211:02:00,1086:07:00,42,51.52,11.76,1,0,1,2,184:27:00,50,25,60,1917,18:17,13:24,2:16,2:36,,,,,,,,,,,,,,,,,,,,
8470201,20152016,Jiri Hudler,RW,31,"5' 10""",190,1134:40:00,30,16,27,109,72,28,3,10,185:01:00,948:40:00,27,42.3,14.68,1,0,0,0,0:59,7,-1,46,1598,15:45,13:10,0:00,2:34,,,,,,,,,,,,,,,,,,,,
8471245,20152016,Dave Bolland,C,28,"6' 0""",184,352:18:00,4,1,16,26,25,36,0,3,19:43,282:44:00,16,45.74,3.85,0,0,0,0,49:51:00,9,-2,5,506,14:05,11:18,1:59,0:47,,,,,,,,,,,,,,,,,,,,
8471693,20152016,Jakub Kindl,D,27,"6' 3""",199,677:09:00,6,2,18,63,44,39,0,1,37:36:00,635:20:00,18,0,3.17,1,1,0,0,4:13,24,13,8,937,15:23,14:26,0:05,0:51,,,,,,,,,,,,,,,,,,,,
8473962,20152016,Teddy Purcell,LW,29,"6' 2""",195,1279:04:00,29,14,12,149,76,31,2,10,192:10:00,1045:46:00,12,33.33,9.4,2,1,0,1,41:08:00,15,-11,43,1696,16:49,13:45,0:32,2:31,,,,,,,,,,,,,,,,,,,,
8474000,20152016,Steven Kampfer,D,26,"5' 11""",198,709:26:00,4,0,26,54,47,70,0,1,9:52,659:26:00,26,50,0,0,0,0,0,40:08:00,70,5,4,887,15:05,14:01,0:51,0:12,,,,,,,,,,,,,,,,,,,,
8474698,20152016,Brent Regner,D,25,"5' 11""",189,81:05:00,0,0,4,7,7,4,0,0,0:19,78:30:00,4,0,0,0,0,0,0,2:16,7,-2,0,112,11:35,11:12,0:19,0:02,,,,,,,,,,,,,,,,,,,,
8475153,20152016,Dylan Olsen,D,24,"6' 2""",223,110:01:00,1,0,2,9,8,6,0,0,0:32,109:25:00,2,0,0,0,0,0,0,0:04,7,-1,1,141,13:45,13:40,0:00,0:04,,,,,,,,,,,,,,,,,,,,
8475179,20152016,Dmitry Kulikov,D,24,"6' 1""",201,1556:33:00,16,1,51,99,74,122,0,6,103:27:00,1277:43:00,51,0,1.01,1,0,0,0,175:23:00,121,8,17,1808,21:02,17:15,2:22,1:23,,,,,,,,,,,,,,,,,,,,
8475191,20152016,Reilly Smith,RW,23,"6' 1""",185,1526:06:00,25,25,31,173,82,85,5,11,210:40:00,1128:09:00,31,0,14.45,3,0,0,1,187:17:00,39,19,50,1957,18:36,13:45,2:17,2:34,,,,,,,,,,,,,,,,,,,,
8475204,20152016,Brandon Pirri,C,23,"6' 1""",180,885:30:00,15,14,30,128,61,66,3,10,131:28:00,752:03:00,30,46.15,10.94,3,0,0,0,1:59,14,-4,29,1108,14:30,12:19,0:01,2:09,,,,,,,,,,,,,,,,,,,,
8475253,20152016,Garrett Wilson,LW,23,"6' 3""",218,271:48:00,0,0,24,28,29,75,0,0,3:40,268:08:00,24,0,0,0,0,0,0,0:00,4,-3,0,371,9:22,9:14,0:00,0:07,,,,,,,,,,,,,,,,,,,,
8475260,20152016,Corban Knight,C,24,"6' 2""",195,192:38:00,5,2,4,11,20,18,0,0,2:06,189:27:00,4,50.94,18.18,0,0,0,0,1:05,2,3,7,264,9:37,9:28,0:03,0:06,,,,,,,,,,,,,,,,,,,,
8475735,20152016,Greg McKegg,C,22,"6' 0""",195,123:52:00,0,2,2,14,15,20,0,0,1:10,118:48:00,2,45.04,14.29,0,0,0,0,3:54,6,1,2,184,8:15,7:55,0:15,0:04,,,,,,,,,,,,,,,,,,,,
8475736,20152016,Connor Brickley,LW,22,"6' 0""",203,200:41:00,4,1,14,13,23,46,0,0,3:12,197:27:00,14,0,7.69,1,0,0,0,0:02,6,1,5,272,8:43,8:35,0:00,0:08,,,,,,,,,,,,,,,,,,,,
8475755,20152016,Alexander Petrovic,D,22,"6' 4""",220,1119:04:00,15,2,90,53,66,157,0,0,10:29,991:15:00,90,0,3.77,0,0,0,1,117:20:00,76,17,17,1400,16:57,15:01,1:46,0:09,,,,,,,,,,,,,,,,,,,,
8475756,20152016,John McFarland,LW,22,"6' 0""",211,29:44:00,0,0,0,2,3,5,0,0,0:47,28:57:00,0,0,0,0,0,0,0,0:00,3,-1,0,49,9:54,9:39,0:00,0:15,,,,,,,,,,,,,,,,,,,,
8475760,20152016,Nick Bjugstad,C,22,"6' 6""",209,1039:10:00,19,15,41,171,67,87,6,15,173:16:00,855:24:00,41,51.72,8.77,3,0,0,0,10:30,28,-8,34,1306,15:30,12:46,0:09,2:35,,,,,,,,,,,,,,,,,,,,
8475769,20152016,Quinton Howden,C,23,"6' 2""",189,601:35:00,5,6,18,54,58,116,0,0,6:25,588:36:00,18,50,11.11,0,0,0,0,6:34,10,-1,11,782,10:22,10:08,0:06,0:06,,,,,,,,,,,,,,,,,,,,
8475790,20152016,Erik Gudbranson,D,23,"6' 5""",222,1287:12:00,7,2,49,73,64,150,0,0,21:15,1058:50:00,49,0,2.74,0,0,0,0,207:07:00,73,3,9,1488,20:06,16:32,3:14,0:19,,,,,,,,,,,,,,,,,,,,
8476389,20152016,Vincent Trocheck,C,21,"5' 11""",184,1350:32:00,28,25,44,174,76,125,4,13,203:43:00,1086:34:00,44,49.45,14.37,4,0,1,1,60:15:00,41,15,53,1618,17:46,14:17,0:47,2:40,,,,,,,,,,,,,,,,,,,,
8476400,20152016,Logan Shaw,RW,22,"6' 3""",208,648:46:00,2,5,13,72,53,88,1,1,55:03:00,565:13:00,13,43.24,6.94,1,0,0,0,28:30:00,20,-7,7,887,12:14,10:39,0:32,1:02,,,,,,,,,,,,,,,,,,,,
8476415,20152016,Kyle Rau,C,22,"5' 9""",171,113:19:00,0,0,2,15,9,4,0,0,4:32,106:35:00,2,0,0,0,0,0,0,2:12,3,-1,0,158,12:35,11:50,0:14,0:30,,,,,,,,,,,,,,,,,,,,
8476428,20152016,Rocco Grimaldi,RW,21,"5' 6""",180,237:18:00,2,3,2,29,20,17,0,0,10:12,226:48:00,2,43.51,10.34,0,0,0,0,0:18,2,-4,5,303,11:51,11:20,0:00,0:30,,,,,,,,,,,,,,,,,,,,
8476456,20152016,Jonathan Huberdeau,C,21,"6' 1""",200,1378:55:00,39,20,43,174,76,53,4,13,204:58:00,1133:59:00,43,38.88,11.49,2,0,1,1,39:58:00,36,17,59,1639,18:08,14:55,0:31,2:41,,,,,,,,,,,,,,,,,,,,
8476875,20152016,Mike Matheson,D,20,"6' 2""",193,52:36:00,0,0,2,4,3,1,0,0,0:03,52:09:00,2,0,0,0,0,0,0,0:24,1,1,0,63,17:32,17:23,0:08,0:01,,,,,,,,,,,,,,,,,,,,
8477493,20152016,Aleksander Barkov,C,19,"6' 3""",215,1282:23:00,31,28,8,171,66,43,9,16,187:35:00,976:42:00,8,49.22,16.37,8,0,1,2,118:06:00,39,18,59,1517,19:25,14:47,1:47,2:50,,,,,,,,,,,,,,,,,,,,
8477932,20152016,Aaron Ekblad,D,18,"6' 4""",215,1690:49:00,21,15,41,182,78,87,3,9,221:15:00,1411:37:00,41,0,8.24,4,0,0,0,57:57:00,59,18,36,1878,21:40,18:05,0:44,2:50,,,,,,,,,,,,,,,,,,,,
8466141,20152016,Roberto Luongo,G,35,"6' 3""",215,3601:51:00,,,,,62,,,,,,,,,,,,,,,,,,58:05:00,,,,6,4,35,19,1660,263,40,1357,43,1449,309,0.92171,2.348793,60,1801,141,85.11326861,93.02325581,93.65079365,
8471219,20152016,Al Montoya,G,29,"6' 2""",200,1351:14:00,,,,,25,,,,,,,,,,,,,,,,,,54:02:00,,,,3,0,12,7,559,84,12,463,13,503,92,0.919408,2.17579,22,608,49,91.30434783,92.30769231,92.04771372,
8448208,20162017,Jaromir Jagr,RW,43,"6' 3""",230,1393:59:00,30,16,56,181,82,21,8,13,226:49:00,1165:54:00,56,50,8.84,2,0,0,0,1:16,4,2,46,1727,16:59,14:13,0:00,2:45,,,,,,,,,,,,,,,,,,,,
8465978,20162017,Shawn Thornton,LW,38,"6' 2""",217,384:29:00,2,2,67,42,50,52,0,0,7:38,376:40:00,67,33.33,4.76,0,0,0,0,0:11,8,-7,4,565,7:41,7:32,0:00,0:09,,,,,,,,,,,,,,,,,,,,
8468001,20162017,Derek MacKenzie,C,34,"5' 11""",177,1030:19:00,10,6,50,91,82,192,0,0,12:36,833:13:00,50,50,6.59,1,0,2,5,184:30:00,45,-7,16,1559,12:33,10:09,2:15,0:09,,,,,,,,,,,,,,,,,,,,
8469638,20162017,Jussi Jokinen,LW,32,"6' 0""",191,1201:20:00,17,11,39,118,69,28,4,10,170:07:00,937:26:00,39,52.08,9.32,2,0,1,1,93:47:00,33,-15,28,1598,17:24,13:35,1:21,2:27,,,,,,,,,,,,,,,,,,,,
8470598,20162017,Thomas Vanek,LW,32,"6' 2""",214,979:29:00,31,17,22,133,68,29,5,13,181:49:00,796:35:00,22,40,12.78,2,0,0,0,1:05,5,-5,48,1283,14:24,11:42,0:00,2:40,,,,,,,,,,,,,,,,,,,,
8471693,20162017,Jakub Kindl,D,28,"6' 3""",199,572:56:00,4,0,28,41,39,49,0,0,10:49,554:54:00,28,0,0,0,0,0,0,7:13,37,-11,4,749,14:41,14:13,0:11,0:16,,,,,,,,,,,,,,,,,,,,
8471735,20162017,Keith Yandle,D,29,"6' 1""",192,1807:16:00,36,5,39,178,82,28,2,18,252:58:00,1415:04:00,39,0,2.81,0,0,0,1,139:14:00,76,-6,41,2105,22:02,17:15,1:41,3:05,,,,,,,,,,,,,,,,,,,,
8474000,20162017,Steven Kampfer,D,27,"5' 11""",198,145:50:00,1,1,6,10,11,24,0,0,0:33,143:59:00,6,0,10,0,0,0,0,1:18,10,-2,2,215,13:15,13:05,0:07,0:03,,,,,,,,,,,,,,,,,,,,
8474098,20162017,Colton Sceviour,C,26,"6' 0""",190,1170:41:00,15,9,25,172,80,108,1,3,66:38:00,943:09:00,25,53.44,5.23,1,0,3,4,160:54:00,64,-16,24,1596,14:38,11:47,2:00,0:49,,,,,,,,,,,,,,,,,,,,
8474218,20162017,Jason Demers,D,27,"6' 1""",195,1588:29:00,19,9,53,98,81,106,0,5,131:08:00,1315:05:00,53,0,9.18,2,0,0,2,142:16:00,90,-14,28,2019,19:36,16:14,1:45,1:37,,,,,,,,,,,,,,,,,,,,
8475191,20162017,Reilly Smith,RW,24,"6' 1""",185,1468:16:00,22,15,17,160,80,75,6,11,193:04:00,1137:46:00,17,50,9.38,3,0,1,1,137:26:00,34,-13,37,1948,18:21,14:13,1:43,2:24,,,,,,,,,,,,,,,,,,,,
8475597,20162017,Shane Harper,RW,27,"5' 11""",193,144:12:00,1,2,18,13,14,19,0,0,0:17,143:43:00,18,0,15.38,0,0,0,0,0:12,0,-1,3,193,10:18,10:15,0:00,0:01,,,,,,,,,,,,,,,,,,,,
8475735,20162017,Greg McKegg,C,23,"6' 0""",195,455:31:00,4,3,22,36,46,48,0,0,7:28,426:49:00,22,50,8.33,0,0,0,0,21:14,16,-3,7,669,9:54,9:16,0:27,0:09,,,,,,,,,,,,,,,,,,,,
8475755,20162017,Alexander Petrovic,D,23,"6' 4""",220,889:21:00,13,1,79,55,49,106,0,0,5:26,819:30:00,79,0,1.82,0,0,0,0,64:25:00,55,-1,14,1055,18:09,16:43,1:18,0:06,,,,,,,,,,,,,,,,,,,,
8475760,20162017,Nick Bjugstad,C,23,"6' 6""",209,710:15:00,7,7,22,91,54,72,1,3,76:32:00,631:51:00,22,47.57,7.69,1,0,0,0,1:52,9,-19,14,984,13:09,11:42,0:02,1:25,,,,,,,,,,,,,,,,,,,,
8475795,20162017,Dylan McIlrath,D,23,"6' 5""",232,57:06:00,0,1,14,3,6,15,0,0,0:00,56:00:00,14,0,33.33,0,0,0,0,1:06,4,-2,1,76,9:31,9:20,0:11,0:00,,,,,,,,,,,,,,,,,,,,
8475796,20162017,Mark Pysyk,D,24,"6' 1""",205,1521:59:00,13,4,10,86,82,72,0,0,7:11,1282:22:00,10,0,4.65,0,0,0,0,232:26:00,99,0,17,1896,18:33,15:38,2:50,0:05,,,,,,,,,,,,,,,,,,,,
8475958,20162017,Michael Sgarbossa,C,23,"6' 0""",179,423:50:00,7,2,9,33,38,39,1,2,25:04:00,393:07:00,9,43.94,6.06,0,0,0,0,5:39,16,-5,9,626,11:09,10:20,0:08,0:39,,,,,,,,,,,,,,,,,,,,
8476200,20162017,Paul Thompson,RW,27,"6' 1""",201,165:54:00,3,0,22,19,21,48,0,0,0:11,165:33:00,22,0,0,0,0,0,0,0:10,16,-4,3,255,7:54,7:53,0:00,0:00,,,,,,,,,,,,,,,,,,,,
8476389,20162017,Vincent Trocheck,C,22,"5' 11""",184,1707:53:00,31,23,43,230,82,164,2,12,224:07:00,1326:26:00,43,50.18,10,2,1,0,1,157:20:00,51,-13,54,2101,20:49,16:10,1:55,2:43,,,,,,,,,,,,,,,,,,,,
8476415,20162017,Kyle Rau,C,23,"5' 9""",171,230:24:00,1,2,4,21,24,24,0,0,5:05,225:19:00,4,66.66,9.52,0,0,0,0,0:00,3,-3,3,324,9:36,9:23,0:00,0:12,,,,,,,,,,,,,,,,,,,,
8476456,20162017,Jonathan Huberdeau,C,22,"6' 1""",200,555:30:00,16,10,13,86,31,18,3,7,78:45:00,473:52:00,13,44.44,11.63,2,1,0,0,2:53,7,-2,26,697,17:55,15:17,0:05,2:32,,,,,,,,,,,,,,,,,,,,
8476495,20162017,Seth Griffith,C,23,"5' 9""",190,305:37:00,5,0,8,21,24,30,0,1,32:07:00,273:29:00,8,25,0,0,0,0,0,0:01,5,6,5,421,12:44,11:23,0:00,1:20,,,,,,,,,,,,,,,,,,,,
8476539,20162017,Jonathan Marchessault,C,25,"5' 9""",183,1268:19:00,21,30,38,193,75,105,8,18,202:23:00,1062:23:00,38,45.18,15.54,6,1,0,0,3:33,17,-21,51,1567,16:54,14:09,0:02,2:41,,,,,,,,,,,,,,,,,,,,
8476875,20162017,Mike Matheson,D,21,"6' 2""",193,1705:17:00,10,7,36,179,81,69,0,1,41:05:00,1453:51:00,36,100,3.91,0,0,0,1,210:21:00,118,-5,17,1952,21:03,17:56,2:35,0:30,,,,,,,,,,,,,,,,,,,,
8477346,20162017,MacKenzie Weegar,D,22,"6' 0""",206,52:20:00,0,0,4,3,3,4,0,0,5:45,46:35:00,4,0,0,0,0,0,0,0:00,1,0,0,62,17:26,15:31,0:00,1:55,,,,,,,,,,,,,,,,,,,,
8477452,20162017,Ian McCoshen,D,20,"6' 3""",218,39:46:00,1,0,0,0,3,3,0,0,0:00,39:46:00,0,0,0,0,0,0,0,0:00,2,0,1,52,13:15,13:15,0:00,0:00,,,,,,,,,,,,,,,,,,,,
8477493,20162017,Aleksander Barkov,C,20,"6' 3""",215,1183:30:00,31,21,10,142,61,39,3,14,177:29:00,927:57:00,10,46.53,14.79,5,2,0,0,78:04:00,30,13,52,1469,19:24,15:12,1:16,2:54,,,,,,,,,,,,,,,,,,,,
8477932,20162017,Aaron Ekblad,D,19,"6' 4""",215,1459:17:00,11,10,58,225,68,88,4,8,189:29:00,1214:38:00,58,0,4.44,2,1,1,1,55:10:00,62,-23,21,1618,21:27,17:51,0:48,2:47,,,,,,,,,,,,,,,,,,,,
8477955,20162017,Jared McCann,LW,19,"6' 1""",191,337:25:00,6,1,4,44,29,28,0,1,28:38:00,308:13:00,4,39.04,2.27,0,0,0,0,0:34,6,-1,7,465,11:38,10:37,0:01,0:59,,,,,,,,,,,,,,,,,,,,
8478843,20162017,Denis Malgin,C,19,"5' 9""",182,528:12:00,4,6,8,67,47,34,2,2,52:20:00,475:37:00,8,36.41,8.96,1,1,0,0,0:15,15,-5,10,720,11:14,10:07,0:00,1:06,,,,,,,,,,,,,,,,,,,,
8466141,20162017,Roberto Luongo,G,36,"6' 3""",215,2327:10:00,,,,,40,,,,,,,,,,,,,,,,,,58:10:00,,,,6,1,17,15,1113,157,35,921,37,1010,170,0.914544,2.682064,39,1217,104,92.35294118,94.59459459,91.18811881,
8473499,20162017,Reto Berra,G,29,"6' 4""",218,313:07:00,,,,,7,,,,,,,,,,,,,,,,,,44:43:00,,,,0,0,0,5,127,20,4,103,6,117,22,0.875862,3.449194,4,145,18,90.90909091,66.66666667,88.03418803,
8473503,20162017,James Reimer,G,27,"6' 3""",205,2324:35:00,,,,,43,,,,,,,,,,,,,,,,,,54:03:00,,,,5,3,18,16,1124,145,17,962,21,1035,166,0.919804,2.529486,39,1222,98,87.34939759,80.95238095,92.9468599,
8468001,20172018,Derek MacKenzie,C,35,"5' 11""",177,848:06:00,11,3,31,86,75,124,0,0,3:00,672:31:00,31,52.06,3.49,0,0,1,4,172:35:00,45,-9,14,1309,11:18,8:58,2:18,0:02,,,,,,,,,,,,,,,,,,,,
8468085,20172018,Radim Vrbata,RW,35,"6' 1""",194,542:01:00,9,5,16,88,42,15,2,4,55:12:00,486:45:00,16,33.33,5.68,0,0,0,0,0:04,16,-7,14,804,12:54,11:35,0:00,1:18,,,,,,,,,,,,,,,,,,,,
8471735,20172018,Keith Yandle,D,30,"6' 1""",192,2008:06:00,48,8,35,179,82,26,1,18,270:31:00,1554:16:00,35,0,4.47,1,0,0,2,183:19:00,101,7,56,2410,24:29:00,18:57,2:14,3:17,,,,,,,,,,,,,,,,,,,,
8473465,20172018,Jamie McGinn,LW,28,"6' 1""",205,1022:31:00,16,13,33,116,76,120,4,6,119:58:00,901:03:00,33,26.92,11.21,0,0,0,0,1:30,22,-5,29,1474,13:27,11:51,0:01,1:34,,,,,,,,,,,,,,,,,,,,
8474098,20172018,Colton Sceviour,C,27,"6' 0""",190,1021:24:00,13,11,24,141,76,84,0,0,4:26,838:36:00,24,48.73,7.8,2,0,1,3,178:22:00,69,6,24,1444,13:26,11:02,2:20,0:03,,,,,,,,,,,,,,,,,,,,
8474149,20172018,Evgenii Dadonov,RW,27,"5' 11""",189,1383:43:00,37,28,8,188,74,27,6,13,245:47:00,1137:42:00,8,0,14.89,6,0,0,0,0:14,33,10,65,1669,18:41,15:22,0:00,3:19,,,,,,,,,,,,,,,,,,,,
8474230,20172018,Micheal Haley,LW,30,"5' 11""",213,584:19:00,6,3,212,55,75,124,0,0,2:21,576:36:00,212,47.5,5.45,1,0,0,0,5:22,23,-13,9,895,7:47,7:41,0:04,0:01,,,,,,,,,,,,,,,,,,,,
8475736,20172018,Connor Brickley,LW,24,"6' 0""",203,523:12:00,8,4,19,62,44,82,0,0,4:20,480:20:00,19,18.75,6.45,2,0,0,0,38:32:00,28,-6,12,756,11:53,10:55,0:52,0:05,,,,,,,,,,,,,,,,,,,,
8475755,20172018,Alexander Petrovic,D,24,"6' 4""",220,982:00:00,11,2,98,60,67,142,0,0,1:36,952:41:00,98,0,3.33,1,0,0,0,27:43:00,74,-2,13,1278,14:39,14:13,0:24,0:01,,,,,,,,,,,,,,,,,,,,
8475760,20172018,Nick Bjugstad,C,24,"6' 6""",209,1239:49:00,30,19,41,230,82,95,1,7,124:48:00,1114:01:00,41,51,8.26,1,0,0,0,1:00,19,5,49,1693,15:07,13:35,0:00,1:31,,,,,,,,,,,,,,,,,,,,
8475796,20172018,Mark Pysyk,D,25,"6' 1""",205,1538:25:00,13,3,20,106,82,102,0,0,7:34,1361:23:00,20,0,2.83,0,0,0,0,169:28:00,123,-8,16,2118,18:45,16:36,2:04,0:05,,,,,,,,,,,,,,,,,,,,
8476322,20172018,Chase Balisy,C,24,"5' 11""",179,78:32:00,0,0,0,6,8,4,0,0,0:00,66:22:00,0,36.66,0,0,0,0,0,12:10,2,-2,0,123,9:49,8:17,1:31,0:00,,,,,,,,,,,,,,,,,,,,
8476389,20172018,Vincent Trocheck,C,23,"5' 11""",184,1751:52:00,44,31,54,287,82,145,13,27,285:13:00,1318:31:00,54,54.09,10.8,5,0,3,4,148:08:00,55,-9,75,2168,21:21,16:04,1:48,3:28,,,,,,,,,,,,,,,,,,,,
8476456,20172018,Jonathan Huberdeau,C,23,"6' 1""",200,1574:55:00,42,27,32,204,82,41,7,19,278:02:00,1288:45:00,32,47.72,13.24,4,0,0,0,8:08,42,-2,69,1912,19:12,15:42,0:05,3:23,,,,,,,,,,,,,,,,,,,,
8476875,20172018,Mike Matheson,D,22,"6' 2""",193,1728:19:00,17,10,61,167,81,53,1,4,90:11:00,1492:59:00,61,0,5.99,2,1,0,1,145:09:00,137,-1,27,2182,21:20,18:25,1:47,1:06,,,,,,,,,,,,,,,,,,,,
8477346,20172018,MacKenzie Weegar,D,23,"6' 0""",206,874:20:00,6,2,32,58,60,108,0,0,22:57,842:55:00,32,0,3.45,0,0,0,0,8:28,69,5,8,1153,14:34,14:02,0:08,0:22,,,,,,,,,,,,,,,,,,,,
8477452,20172018,Ian McCoshen,D,21,"6' 3""",218,572:53:00,1,3,25,26,38,71,0,0,0:45,530:25:00,25,0,11.54,1,0,0,0,41:43:00,43,-10,4,764,15:04,13:57,1:05,0:01,,,,,,,,,,,,,,,,,,,,
8477493,20172018,Aleksander Barkov,C,21,"6' 3""",215,1743:32:00,51,27,14,256,79,30,5,17,267:10:00,1337:52:00,14,53.5,10.55,3,0,5,5,138:30:00,67,9,78,2155,22:04,16:56,1:45,3:22,,,,,,,,,,,,,,,,,,,,
8477583,20172018,Curtis Valk,C,23,"5' 9""",170,3:25,0,0,0,0,1,1,0,0,0:00,3:25,0,0,0,0,0,0,0,0:00,0,0,0,6,3:25,3:25,0:00,0:00,,,,,,,,,,,,,,,,,,,,
8477932,20172018,Aaron Ekblad,D,20,"6' 4""",215,1917:54:00,22,16,71,189,82,69,5,11,174:23:00,1559:42:00,71,0,8.47,4,1,0,0,183:49:00,121,9,38,2376,23:23,19:01,2:14,2:07,,,,,,,,,,,,,,,,,,,,
8477955,20172018,Jared McCann,LW,20,"6' 1""",191,901:21:00,19,9,30,143,68,43,1,1,44:50:00,818:59:00,30,38.54,6.29,4,1,0,1,37:32:00,32,11,28,1345,13:15,12:02,0:33,0:39,,,,,,,,,,,,,,,,,,,,
8478211,20172018,Dryden Hunt,LW,21,"6' 0""",193,116:11:00,1,0,2,12,11,22,0,0,0:50,115:15:00,2,25,0,0,0,0,0,0:06,4,-5,1,177,10:33,10:28,0:00,0:04,,,,,,,,,,,,,,,,,,,,
8478366,20172018,Frank Vatrano,RW,22,"5' 11""",197,444:24:00,3,7,34,72,41,51,0,0,28:57:00,415:27:00,34,52.63,9.72,0,0,0,0,0:00,15,3,10,650,10:50,10:07,0:00,0:42,,,,,,,,,,,,,,,,,,,,
8478843,20172018,Denis Malgin,C,20,"5' 9""",182,706:30:00,11,11,6,79,51,48,1,6,62:50:00,643:16:00,6,42.62,13.92,3,0,0,0,0:24,24,4,22,985,13:51,12:36,0:00,1:13,,,,,,,,,,,,,,,,,,,,
8479404,20172018,Henrik Borgstrom,C,19,"6' 3""",199,50:38:00,0,1,0,6,4,1,0,0,5:21,45:17:00,0,40.54,16.67,0,0,0,0,0:00,1,-1,1,72,12:39,11:19,0:00,1:20,,,,,,,,,,,,,,,,,,,,
8479553,20172018,Maxim Mamin,C,22,"6' 2""",206,273:32:00,1,3,7,28,26,51,0,0,2:19,271:13:00,7,0,10.71,1,0,0,0,0:00,9,2,4,398,10:31,10:25,0:00,0:05,,,,,,,,,,,,,,,,,,,,
8480015,20172018,Owen Tippett,RW,17,"6' 1""",207,77:49:00,0,1,0,17,7,3,0,0,12:04,65:22:00,0,0,5.88,0,0,0,0,0:23,4,-6,1,115,11:07,9:20,0:03,1:43,,,,,,,,,,,,,,,,,,,,
8480164,20172018,Henrik Haapala,LW,22,"5' 9""",165,68:30:00,1,0,0,3,5,5,0,0,8:59,59:31:00,0,0,0,0,0,0,0,0:00,3,0,1,98,13:42,11:54,0:00,1:47,,,,,,,,,,,,,,,,,,,,
8466141,20172018,Roberto Luongo,G,37,"6' 3""",215,1965:58:00,,,,,35,,,,,,,,,,,,,,,,,,56:10:00,,,,2,3,18,11,1062,141,35,886,36,950,157,0.929134,2.472066,33,1143,81,89.8089172,97.22222222,93.26315789,0
8473503,20172018,James Reimer,G,28,"6' 3""",205,2411:25:00,,,,,44,,,,,,,,,,,,,,,,,,54:48:00,,,,6,4,22,14,1253,213,25,1015,27,1110,236,0.9126,2.985797,42,1373,120,90.25423729,92.59259259,91.44144144,0
8474550,20172018,Antti Niemi,G,33,"6' 2""",209,1213:06:00,,,,,24,,,,,,,,,,,,,,,,,,50:32:00,,,,4,1,7,9,647,117,17,513,17,553,140,0.911268,3.115984,20,710,63,83.57142857,100,92.76672694,0
8474667,20172018,Harri Sateri,G,27,"6' 1""",205,492:36:00,,,,,9,,,,,,,,,,,,,,,,,,54:44:00,,,,0,0,4,4,247,36,9,202,11,219,41,0.911439,2.923264,7,271,24,87.80487805,81.81818182,92.23744292,0
8468001,20182019,Derek MacKenzie,C,36,"5' 11""",177,2:43,0,0,0,0,1,0,0,0,0:00,2:43,0,66.66,0,0,0,0,0,0:00,0,0,0,4,2:43,2:43,0:00,0:00,,,,,,,,,,,,,,,,,,,,
8471426,20182019,Troy Brouwer,RW,32,"6' 3""",213,951:40:00,9,12,47,86,75,177,0,0,21:47,805:31:00,47,37.25,13.95,1,0,1,1,124:22:00,38,-6,21,1384,12:41,10:44,1:39,0:17,,,,,,,,,,,,,,,,,,,,
8471735,20182019,Keith Yandle,D,31,"6' 1""",192,1840:22:00,53,9,50,199,82,47,7,39,291:23:00,1518:09:00,50,0,4.52,2,0,0,0,30:50:00,76,-17,62,2304,22:26,18:30,0:22,3:33,,,,,,,,,,,,,,,,,,,,
8473465,20182019,Jamie McGinn,LW,29,"6' 1""",205,202:52:00,3,4,6,23,19,34,1,1,20:10,182:35:00,6,100,17.39,1,0,0,0,0:07,3,-5,7,292,10:40,9:36,0:00,1:03,,,,,,,,,,,,,,,,,,,,
8473544,20182019,Derick Brassard,C,30,"6' 1""",200,1049:40:00,9,14,39,110,70,102,2,5,111:20:00,932:13:00,39,48.12,12.73,0,0,0,0,6:07,15,-19,23,1406,14:59,13:19,0:05,1:35,,,,,,,,,,,,,,,,,,,,
8474098,20182019,Colton Sceviour,C,28,"6' 0""",190,725:25:00,10,5,15,116,59,89,0,1,2:53,603:16:00,15,35.45,4.31,0,0,0,0,119:16:00,58,-2,15,1055,12:17,10:13,2:01,0:02,,,,,,,,,,,,,,,,,,,,
8474149,20182019,Evgenii Dadonov,RW,28,"5' 11""",189,1506:26:00,42,28,8,195,82,33,8,17,275:09:00,1230:31:00,8,40,14.36,4,0,0,0,0:46,42,-6,70,1834,18:22,15:00,0:00,3:21,,,,,,,,,,,,,,,,,,,,
8474230,20182019,Micheal Haley,LW,31,"5' 11""",213,347:55:00,4,2,75,34,43,76,0,0,1:45,345:39:00,75,43.33,5.88,0,0,0,0,0:31,16,-2,6,536,8:05,8:02,0:00,0:02,,,,,,,,,,,,,,,,,,,,
8474884,20182019,Mike Hoffman,LW,28,"6' 0""",190,1462:42:00,34,36,30,253,82,42,17,35,282:02:00,1179:28:00,30,34.21,14.23,6,3,0,0,1:12,26,-24,70,1740,17:50,14:23,0:00,3:26,,,,,,,,,,,,,,,,,,,,
8475227,20182019,Chris Wideman,D,28,"5' 10""",181,326:26:00,5,2,18,27,25,35,0,1,53:38:00,272:25:00,18,0,7.41,1,0,0,0,0:23,26,-12,7,470,13:03,10:53,0:00,2:08,,,,,,,,,,,,,,,,,,,,
8475755,20182019,Alexander Petrovic,D,25,"6' 4""",220,578:25:00,2,0,26,47,35,116,0,0,5:36,527:41:00,26,0,0,0,0,0,0,45:08:00,53,-15,2,785,16:31,15:04,1:17,0:09,,,,,,,,,,,,,,,,,,,,
8475760,20182019,Nick Bjugstad,C,25,"6' 6""",209,967:37:00,12,14,30,154,64,126,2,6,95:49:00,870:09:00,30,49.43,9.09,2,0,0,0,1:39,27,6,26,1340,15:07,13:35,0:01,1:29,,,,,,,,,,,,,,,,,,,,
8475772,20182019,Riley Sheahan,C,26,"6' 2""",214,1103:51:00,10,9,17,110,82,72,0,0,4:10,936:24:00,17,52.32,8.18,2,0,1,2,163:17:00,44,-9,19,1627,13:27,11:25,1:59,0:03,,,,,,,,,,,,,,,,,,,,
8475796,20182019,Mark Pysyk,D,26,"6' 1""",205,1278:50:00,10,1,26,64,70,133,0,0,3:30,1152:57:00,26,0,1.56,0,0,0,1,122:23:00,89,-1,11,1798,18:16,16:28,1:44,0:03,,,,,,,,,,,,,,,,,,,,
8476389,20182019,Vincent Trocheck,C,24,"5' 11""",184,1081:16:00,24,10,54,158,55,112,3,13,135:31:00,855:35:00,54,51.82,6.33,1,0,1,1,90:10:00,42,-9,34,1366,19:39,15:33,1:38,2:27,,,,,,,,,,,,,,,,,,,,
8476456,20182019,Jonathan Huberdeau,C,24,"6' 1""",200,1545:59:00,62,30,40,226,82,57,11,34,279:58:00,1252:01:00,40,63.15,13.27,5,0,0,0,14:00,45,-14,92,1846,18:51,15:16,0:10,3:24,,,,,,,,,,,,,,,,,,,,
8476875,20182019,Mike Matheson,D,23,"6' 2""",193,1673:51:00,19,8,44,129,75,63,0,6,59:56:00,1434:12:00,44,0,6.2,2,1,0,2,179:43:00,132,-24,27,2126,22:19,19:07,2:23,0:47,,,,,,,,,,,,,,,,,,,,
8477346,20182019,MacKenzie Weegar,D,24,"6' 0""",206,1085:51:00,11,4,64,79,64,127,0,1,18:37,974:50:00,64,100,5.06,2,0,0,0,92:24:00,103,-3,15,1471,16:57,15:13,1:26,0:17,,,,,,,,,,,,,,,,,,,,
8477384,20182019,Josh Brown,D,24,"6' 5""",220,492:07:00,1,1,28,28,37,80,0,0,1:08,460:46:00,28,0,3.57,0,0,0,0,30:13:00,31,-3,2,723,13:18,12:27,0:49,0:01,,,,,,,,,,,,,,,,,,,,
8477452,20182019,Ian McCoshen,D,22,"6' 3""",218,253:04:00,1,1,8,15,19,41,0,0,0:09,234:06:00,8,0,6.67,0,0,0,0,18:49,13,-2,2,350,13:19,12:19,0:59,0:00,,,,,,,,,,,,,,,,,,,,
8477493,20182019,Aleksander Barkov,C,22,"6' 3""",215,1833:01:00,61,35,8,206,82,28,13,31,288:19:00,1375:06:00,8,53.68,16.99,5,2,0,1,169:36:00,61,-3,96,2218,22:21,16:46,2:04,3:30,,,,,,,,,,,,,,,,,,,,
8477932,20182019,Aaron Ekblad,D,21,"6' 4""",215,1938:49:00,24,13,47,180,82,114,5,10,139:17:00,1610:48:00,47,0,7.22,1,1,0,0,188:44:00,88,1,37,2468,23:38,19:38,2:18,1:41,,,,,,,,,,,,,,,,,,,,
8477955,20182019,Jared McCann,LW,21,"6' 1""",191,1133:00:00,16,19,31,150,78,77,1,3,63:30:00,977:31:00,31,46.21,12.67,2,0,4,4,91:59:00,51,-1,35,1696,14:31,12:31,1:10,0:48,,,,,,,,,,,,,,,,,,,,
8477963,20182019,Jayce Hawryluk,RW,22,"5' 11""",196,396:06:00,5,7,16,35,42,101,0,1,5:53,390:13:00,16,73.68,20,0,0,0,0,0:00,25,-8,12,588,9:25,9:17,0:00,0:08,,,,,,,,,,,,,,,,,,,,
8477996,20182019,Juho Lammikko,LW,22,"6' 2""",191,437:16:00,6,0,6,39,40,45,0,0,3:02,365:11:00,6,42.77,0,0,0,0,1,69:03:00,21,-7,6,665,10:55,9:07,1:43,0:04,,,,,,,,,,,,,,,,,,,,
8478211,20182019,Dryden Hunt,LW,22,"6' 0""",193,342:56:00,7,3,8,53,31,65,0,0,2:00,340:27:00,8,0,5.66,0,0,0,0,0:29,9,0,10,469,11:03,10:58,0:00,0:03,,,,,,,,,,,,,,,,,,,,
8478366,20182019,Frank Vatrano,RW,23,"5' 11""",197,1187:39:00,15,24,38,208,81,139,2,8,134:48:00,1051:01:00,38,39.47,11.54,1,0,0,0,1:50,74,-10,39,1620,14:39,12:58,0:01,1:39,,,,,,,,,,,,,,,,,,,,
8478843,20182019,Denis Malgin,C,21,"5' 9""",182,644:28:00,9,7,14,66,50,40,0,1,25:14:00,592:05:00,14,39.13,10.61,0,0,0,0,27:09:00,21,-10,16,944,12:53,11:50,0:32,0:30,,,,,,,,,,,,,,,,,,,,
8479388,20182019,Riley Stillman,D,19,"6' 1""",196,11:22,0,0,2,1,1,5,0,0,0:00,11:22,2,0,0,0,0,0,0,0:00,0,0,0,19,11:22,11:22,0:00,0:00,,,,,,,,,,,,,,,,,,,,
8479404,20182019,Henrik Borgstrom,C,20,"6' 3""",199,600:09:00,10,8,4,54,50,11,3,7,55:37:00,543:30:00,4,40.74,14.81,0,0,0,0,1:02,12,-14,18,852,12:00,10:52,0:01,1:06,,,,,,,,,,,,,,,,,,,,
8479439,20182019,Jacob MacDonald,D,24,"6' 0""",204,24:06:00,0,1,0,1,2,1,0,0,1:20,22:46,0,0,100,0,0,0,0,0:00,1,1,1,33,12:03,11:23,0:00,0:40,,,,,,,,,,,,,,,,,,,,
8479447,20182019,Anthony Greco,RW,24,"5' 10""",179,9:30,0,0,0,2,1,0,0,0,0:00,9:30,0,0,0,0,0,0,0,0:00,0,-3,0,16,9:30,9:30,0:00,0:00,,,,,,,,,,,,,,,,,,,,
8479553,20182019,Maxim Mamin,C,23,"6' 2""",206,51:26:00,0,0,5,8,7,10,0,0,0:27,50:59:00,5,0,0,0,0,0,0,0:00,1,-2,0,79,7:20,7:17,0:00,0:03,,,,,,,,,,,,,,,,,,,,
8480955,20182019,Bogdan Kiselevich,D,27,"6' 0""",202,475:20:00,8,0,12,14,32,49,0,0,0:18,448:54:00,12,0,0,0,0,0,0,26:08:00,21,-3,8,628,14:51,14:01,0:49,0:00,,,,,,,,,,,,,,,,,,,,
8481442,20182019,Brady Keeper,D,21,"6' 2""",197,12:40,0,0,0,1,1,2,0,0,0:00,12:40,0,0,0,0,0,0,0,0:00,1,1,0,18,12:40,12:40,0:00,0:00,,,,,,,,,,,,,,,,,,,,
8466141,20182019,Roberto Luongo,G,38,"6' 3""",215,2346:38:00,,,,,43,,,,,,,,,,,,,,,,,,54:34:00,,,,5,1,18,16,1083,96,33,954,42,1053,110,0.898755,3.119362,40,1205,122,87.27272727,78.57142857,90.5982906,0
8473503,20182019,James Reimer,G,29,"6' 3""",205,1805:11:00,,,,,36,,,,,,,,,,,,,,,,,,50:08:00,,,,5,0,13,12,836,93,30,713,33,785,111,0.899892,3.091099,29,929,93,83.78378378,90.90909091,90.82802548,0
8474636,20182019,Michael Hutchinson,G,27,"6' 3""",201,496:10:00,,,,,9,,,,,,,,,,,,,,,,,,55:07:00,,,,2,1,3,4,212,26,5,181,6,201,32,0.887029,3.265032,8,239,27,81.25,83.33333333,90.04975124,0
8478470,20182019,Sam Montembeault,G,21,"6' 3""",214,591:24:00,,,,,11,,,,,,,,,,,,,,,,,,53:45:00,,,,2,0,4,3,252,22,11,219,11,244,27,0.893617,3.043625,10,282,30,81.48148148,100,89.75409836,0
8470619,20192020,Brian Boyle,C,34,"6' 6""",245,482:38:00,9,6,17,56,39,65,1,1,34:35:00,427:58:00,17,52.39,10.7,1,0,0,0,20:05,34,-5,15,641,12:22,10:58,0:30,0:53,,,,,,,,,,,,,,,,,,,,
8471735,20192020,Keith Yandle,D,32,"6' 1""",192,1359:04:00,40,5,20,129,69,18,2,21,255:42:00,1099:31:00,20,0,3.9,0,0,0,0,3:51,51,0,45,1506,19:41,15:56,0:03,3:42,,,,,,,,,,,,,,,,,,,,
8471873,20192020,Anton Stralman,D,32,"5' 11""",193,1453:31:00,14,5,14,89,69,68,0,0,5:55,1275:40:00,14,0,5.6,3,0,0,1,171:56:00,96,-6,19,1785,21:03,18:29,2:29,0:05,,,,,,,,,,,,,,,,,,,,
8474098,20192020,Colton Sceviour,C,29,"6' 0""",190,913:58:00,10,6,6,114,69,91,0,0,1:23,740:03:00,6,43.91,5.3,0,0,0,0,172:32:00,72,2,16,1267,13:14,10:43,2:30,0:01,,,,,,,,,,,,,,,,,,,,
8474149,20192020,Evgenii Dadonov,RW,29,"5' 11""",189,1180:16:00,22,25,10,167,69,29,11,17,230:33:00,948:59:00,10,0,15,2,0,0,0,0:44,24,-7,47,1399,17:06,13:45,0:00,3:20,,,,,,,,,,,,,,,,,,,,
8474884,20192020,Mike Hoffman,LW,29,"6' 0""",190,1161:48:00,30,29,28,214,69,33,11,21,252:23:00,907:47:00,28,46.66,13.6,3,0,0,0,1:38,22,-5,59,1357,16:50,13:09,0:01,3:39,,,,,,,,,,,,,,,,,,,,
8475287,20192020,Erik Haula,LW,27,"5' 11""",191,759:52:00,12,12,22,92,48,27,4,8,110:23:00,612:35:00,22,54.11,13,2,0,0,0,36:54:00,15,1,24,973,15:49,12:45,0:46,2:17,,,,,,,,,,,,,,,,,,,,
8475792,20192020,Brett Connolly,RW,26,"6' 3""",198,1000:06:00,14,19,26,117,69,56,4,6,90:06:00,909:23:00,26,35.29,16.2,3,0,0,0,0:37,17,-3,33,1263,14:29,13:10,0:00,1:18,,,,,,,,,,,,,,,,,,,,
8475796,20192020,Mark Pysyk,D,27,"6' 1""",205,739:35:00,9,9,20,64,58,47,0,0,0:35,703:35:00,20,50,14.1,1,0,0,0,35:25:00,38,4,18,997,12:45,12:07,0:36,0:00,,,,,,,,,,,,,,,,,,,,
8476389,20192020,Vincent Trocheck,C,25,"5' 11""",184,1036:59:00,27,11,49,141,62,101,1,7,122:21:00,882:29:00,49,52.16,7.8,2,1,1,1,32:09:00,37,-8,38,1286,16:43,14:14,0:31,1:58,,,,,,,,,,,,,,,,,,,,
8476456,20192020,Jonathan Huberdeau,C,25,"6' 1""",200,1295:13:00,55,23,30,152,69,51,5,29,246:26:00,1047:09:00,30,39.34,15.1,3,1,0,0,1:38,26,5,78,1490,18:46,15:10,0:01,3:34,,,,,,,,,,,,,,,,,,,,
8476875,20192020,Mike Matheson,D,24,"6' 2""",193,1064:06:00,12,8,14,104,59,44,1,2,12:24,980:02:00,14,0,7.7,1,0,0,0,71:40:00,53,-1,20,1268,18:02,16:36,1:12,0:12,,,,,,,,,,,,,,,,,,,,
8476952,20192020,Dominic Toninato,C,24,"6' 2""",191,512:32:00,7,4,37,38,46,57,0,0,4:50,487:41:00,37,47.05,10.5,0,0,0,0,20:01,28,4,11,711,11:08,10:36,0:26,0:06,,,,,,,,,,,,,,,,,,,,
8477346,20192020,MacKenzie Weegar,D,25,"6' 0""",206,905:15:00,11,7,33,77,45,76,0,0,9:18,815:15:00,33,0,9.1,1,0,0,0,80:42:00,71,6,18,1133,20:07,18:07,1:47,0:12,,,,,,,,,,,,,,,,,,,,
8477384,20192020,Josh Brown,D,25,"6' 5""",220,751:24:00,5,3,39,48,56,77,0,0,0:12,727:22:00,39,0,6.3,1,0,0,0,23:50,53,1,8,964,13:25,12:59,0:25,0:00,,,,,,,,,,,,,,,,,,,,
8477493,20192020,Aleksander Barkov,C,23,"6' 3""",215,1321:00:00,42,20,18,172,66,21,7,20,223:45:00,1023:46:00,18,54.28,11.6,2,0,0,1,73:29:00,35,2,62,1529,20:00,15:30,1:06,3:23,,,,,,,,,,,,,,,,,,,,
8477932,20192020,Aaron Ekblad,D,22,"6' 4""",215,1539:25:00,36,5,26,147,67,34,0,6,96:47:00,1306:29:00,26,0,3.4,1,1,0,1,136:09:00,84,12,41,1838,22:58,19:29,2:01,1:26,,,,,,,,,,,,,,,,,,,,
8477963,20192020,Jayce Hawryluk,RW,23,"5' 11""",196,288:26:00,7,3,16,26,26,65,0,0,3:49,284:13:00,16,33.33,11.5,0,0,0,0,0:24,9,1,10,409,11:05,10:55,0:00,0:08,,,,,,,,,,,,,,,,,,,,
8478027,20192020,Lucas Wallmark,C,23,"6' 0""",178,856:28:00,13,12,18,84,67,57,3,6,70:17:00,713:06:00,18,50.33,14.3,0,0,0,1,73:05:00,26,0,25,1222,12:46,10:38,1:05,1:02,,,,,,,,,,,,,,,,,,,,
8478211,20192020,Dryden Hunt,LW,23,"6' 0""",193,220:21:00,4,0,24,33,21,37,0,0,1:36,218:45:00,24,0,0,0,0,0,0,0:00,7,0,4,308,10:29,10:25,0:00,0:04,,,,,,,,,,,,,,,,,,,,
8478366,20192020,Frank Vatrano,RW,24,"5' 11""",197,1036:10:00,18,16,30,162,69,102,2,2,100:27:00,849:07:00,30,30,9.9,4,0,2,2,86:36:00,43,-8,34,1361,15:01,12:18,1:15,1:27,,,,,,,,,,,,,,,,,,,,
8478569,20192020,Noel Acciari,C,27,"5' 10""",209,1053:47:00,7,20,21,108,66,121,0,0,5:27,880:50:00,21,47.98,18.5,5,0,1,1,167:30:00,103,2,27,1429,15:57,13:20,2:32,0:04,,,,,,,,,,,,,,,,,,,,
8478839,20192020,Aleksi Saarela,C,22,"5' 10""",200,110:14:00,2,2,0,15,9,1,0,1,2:49,107:25:00,0,35.29,13.3,0,0,0,0,0:00,3,2,4,134,12:14,11:56,0:00,0:18,,,,,,,,,,,,,,,,,,,,
8478843,20192020,Denis Malgin,C,22,"5' 9""",182,527:35:00,8,4,14,50,44,35,1,1,39:24:00,479:29:00,14,39.87,8,0,0,0,1,8:42,16,-9,12,725,11:59,10:53,0:11,0:53,,,,,,,,,,,,,,,,,,,,
8479388,20192020,Riley Stillman,D,20,"6' 1""",196,650:02:00,5,0,14,39,34,59,0,0,1:30,567:50:00,14,0,0,0,0,0,0,80:42:00,57,-3,5,837,19:07,16:42,2:22,0:02,,,,,,,,,,,,,,,,,,,,
8479404,20192020,Henrik Borgstrom,C,21,"6' 3""",199,49:32:00,0,0,2,3,4,1,0,0,6:03,42:44:00,2,48.14,0,0,0,0,0,0:45,0,-2,0,69,12:23,10:41,0:11,1:30,,,,,,,,,,,,,,,,,,,,
8481442,20192020,Brady Keeper,D,22,"6' 2""",197,,,,,,,,,,,,,,,,,,,,,,,,,,,,,,,,,,,,,,,,,,,,,,,
8475683,20192020,Sergei Bobrovsky,G,30,"6' 2""",182,2805:59:00,,,,,50,,,,,,,,,,,,,,,,,,56:07:00,,,,6,1,23,19,1354,190,48,1116,51,1236,218,0.9,3.2288,49,1505,151,87.1559633,94.11764706,90.29126214,0
8476904,20192020,Chris Driedger,G,24,"6' 4""",208,642:40:00,,,,,12,,,,,,,,,,,,,,,,,,53:33:00,,,,1,1,7,2,332,37,8,287,9,304,41,0.938,2.0539,11,354,22,90.24390244,88.88888889,94.40789474,0
8478470,20192020,Sam Montembeault,G,22,"6' 3""",214,700:45:00,,,,,14,,,,,,,,,,,,,,,,,,50:03:00,,,,1,0,5,5,317,38,10,269,10,300,46,0.89,3.3393,9,356,39,82.60869565,100,89.66666667,0
8471735,20202021,Keith Yandle,D,33,"6' 1""",192,965:32:00,24,3,38,113,56,18,1,18,249:10:00,714:14:00,38,0,2.7,1,0,0,0,2:08,27,-8,27,1153,17:14,12:45,0:02,4:26,,,,,,,,,,,,,,,,,,,,
8471873,20202021,Anton Stralman,D,33,"5' 11""",193,720:05:00,6,3,8,38,38,37,0,0,27:15:00,630:32:00,8,0,7.9,0,0,0,0,62:18:00,30,-1,9,950,18:56,16:35,1:38,0:43,,,,,,,,,,,,,,,,,,,,
8471887,20202021,Patric Hornqvist,RW,33,"5' 11""",189,738:28:00,18,14,39,145,44,80,8,12,180:27:00,557:39:00,39,14.28,9.7,2,0,0,0,0:22,23,-3,32,871,16:47,12:40,0:00,4:06,,,,,,,,,,,,,,,,,,,,
8475246,20202021,Kevin Connauton,D,29,"6' 2""",205,99:30:00,1,0,7,5,7,12,0,0,0:16,96:27:00,7,0,0,0,0,0,0,2:47,3,4,1,135,14:12,13:46,0:23,0:02,,,,,,,,,,,,,,,,,,,,
8475462,20202021,Radko Gudas,D,29,"6' 0""",208,948:45:00,9,2,40,84,54,250,0,0,2:46,839:42:00,40,0,2.4,1,0,0,0,106:17:00,72,6,11,1283,17:34,15:33,1:58,0:03,,,,,,,,,,,,,,,,,,,,
8475792,20202021,Brett Connolly,RW,27,"6' 3""",198,376:29:00,3,3,4,26,31,44,0,1,25:50:00,350:25:00,4,30.76,11.5,0,0,0,0,0:14,8,3,6,493,12:08,11:18,0:00,0:50,,,,,,,,,,,,,,,,,,,,
8476456,20202021,Jonathan Huberdeau,C,26,"6' 1""",200,1012:34:00,41,20,36,122,55,51,5,24,237:16:00,774:12:00,36,43.59,16.4,1,1,0,0,1:06,11,12,61,1166,18:24,14:04,0:01,4:18,,,,,,,,,,,,,,,,,,,,
8476994,20202021,Vinnie Hinostroza,C,25,"5' 10""",183,319:08:00,8,4,8,33,26,37,0,0,6:50,304:11:00,8,15,12.1,0,0,0,0,8:07,3,0,12,407,12:16,11:41,0:18,0:15,,,,,,,,,,,,,,,,,,,,
8477038,20202021,Nikita Gusev,LW,27,"5' 9""",163,444:55:00,6,4,2,72,31,4,0,2,80:43:00,364:12:00,2,0,5.6,0,0,0,0,0:00,1,-12,10,554,14:21,11:44,0:00,2:36,,,,,,,,,,,,,,,,,,,,
8477346,20202021,MacKenzie Weegar,D,26,"6' 0""",206,1194:16:00,30,6,45,101,54,118,0,3,22:49,1027:35:00,45,0,5.9,1,0,0,2,143:52:00,83,29,36,1513,22:06,19:01,2:39,0:25,,,,,,,,,,,,,,,,,,,,
8477407,20202021,Anthony Duclair,LW,24,"5' 11""",197,674:26:00,22,10,18,104,43,32,1,2,57:02:00,592:31:00,18,0,9.6,1,0,0,1,24:53:00,9,27,32,900,15:41,13:46,0:34,1:19,,,,,,,,,,,,,,,,,,,,
8477409,20202021,Carter Verhaeghe,C,24,"6' 2""",180,762:32:00,18,18,31,107,43,33,1,2,58:53:00,693:10:00,31,46.93,16.8,3,0,1,1,10:29,14,24,36,932,17:44,16:07,0:14,1:22,,,,,,,,,,,,,,,,,,,,
8477493,20202021,Aleksander Barkov,C,24,"6' 3""",215,1046:52:00,32,26,14,176,50,31,7,19,199:33:00,776:04:00,14,54.87,14.8,6,2,1,1,71:15:00,37,12,58,1208,20:56,15:31,1:25,3:59,,,,,,,,,,,,,,,,,,,,
8477505,20202021,Alex Wennberg,C,25,"6' 2""",190,1017:21:00,12,17,8,82,56,29,3,6,107:47:00,766:55:00,8,49.23,20.7,2,1,1,1,142:39:00,36,6,29,1290,18:10,13:41,2:32,1:55,,,,,,,,,,,,,,,,,,,,
8477932,20202021,Aaron Ekblad,D,23,"6' 4""",215,878:11:00,11,11,33,101,35,24,6,11,135:50:00,654:16:00,33,0,10.9,3,1,0,0,88:05:00,27,5,22,1018,25:05:00,18:41,2:31,3:52,,,,,,,,,,,,,,,,,,,,
8477935,20202021,Sam Bennett,C,23,"6' 1""",195,692:14:00,17,10,52,106,48,108,1,3,58:27:00,587:56:00,52,47.51,9.4,4,1,0,0,45:51:00,18,-2,27,938,14:25,12:14,0:57,1:13,,,,,,,,,,,,,,,,,,,,
8477986,20202021,Brandon Montour,D,25,"6' 0""",194,1024:18:00,11,7,40,94,50,54,0,1,26:14:00,911:01:00,40,0,7.4,0,0,2,2,87:03:00,62,-5,18,1190,20:29,18:13,1:44,0:31,,,,,,,,,,,,,,,,,,,,
8477996,20202021,Juho Lammikko,LW,24,"6' 2""",191,476:34:00,1,4,10,43,44,50,0,0,3:30,430:14:00,10,44.92,9.3,0,0,1,1,42:50:00,16,-8,5,713,10:49,9:46,0:58,0:04,,,,,,,,,,,,,,,,,,,,
8478027,20202021,Lucas Wallmark,C,24,"6' 0""",178,227:42:00,3,0,6,11,20,25,0,2,4:47,202:31:00,6,41.35,0,0,0,0,1,20:24,6,-4,3,319,11:23,10:07,1:01,0:14,,,,,,,,,,,,,,,,,,,,
8478055,20202021,Gustav Forsling,D,23,"6' 0""",186,857:33:00,12,5,8,94,43,30,1,4,19:35,730:56:00,8,0,5.3,0,0,0,0,107:02:00,42,17,17,1114,19:56,16:59,2:29,0:27,,,,,,,,,,,,,,,,,,,,
8478366,20202021,Frank Vatrano,RW,25,"5' 11""",197,812:55:00,8,18,26,158,56,69,2,4,87:41:00,718:36:00,26,20,11.4,7,3,0,0,6:38,21,8,26,1045,14:30,12:49,0:07,1:33,,,,,,,,,,,,,,,,,,,,
8478454,20202021,Noah Juulsen,D,22,"6' 2""",201,47:52:00,0,0,0,5,4,9,0,0,0:00,46:40:00,0,0,0,0,0,0,0,1:12,4,-3,0,71,11:58,11:40,0:18,0:00,,,,,,,,,,,,,,,,,,,,
8478569,20202021,Noel Acciari,C,28,"5' 10""",209,631:08:00,7,4,9,68,41,91,1,3,18:36,502:55:00,9,52.4,5.9,1,0,0,1,109:37:00,63,0,11,847,15:23,12:15,2:40,0:27,,,,,,,,,,,,,,,,,,,,
8478906,20202021,Markus Nutivaara,D,25,"6' 1""",187,479:16:00,10,0,12,45,30,35,0,0,15:12,454:25:00,12,0,0,0,0,0,0,9:39,13,1,10,655,15:58,15:08,0:19,0:30,,,,,,,,,,,,,,,,,,,,
8478975,20202021,Mason Marchment,LW,24,"6' 4""",210,466:29:00,8,2,18,50,33,73,0,0,28:45:00,436:09:00,18,38.23,4,0,0,0,0,1:35,8,4,10,611,14:08,13:13,0:02,0:52,,,,,,,,,,,,,,,,,,,,
8479066,20202021,Ryan Lomberg,LW,25,"5' 9""",187,330:25:00,2,2,67,47,34,90,0,0,1:21,313:58:00,67,0,4.3,0,0,0,0,15:06,10,-2,4,465,9:43,9:14,0:26,0:02,,,,,,,,,,,,,,,,,,,,
8479388,20202021,Riley Stillman,D,21,"6' 1""",196,322:39:00,0,1,16,29,21,51,0,0,0:16,300:13:00,16,0,3.4,0,0,0,0,22:10,29,5,1,413,15:21,14:17,1:03,0:00,,,,,,,,,,,,,,,,,,,,
8480015,20202021,Owen Tippett,RW,20,"6' 1""",207,516:39:00,11,7,6,86,45,59,2,3,35:08:00,481:26:00,6,66.66,8.1,2,0,0,0,0:05,5,-5,18,683,11:28,10:41,0:00,0:46,,,,,,,,,,,,,,,,,,,,
8480037,20202021,Aleksi Heponiemi,C,21,"5' 10""",155,110:08:00,1,1,2,15,9,0,0,0,1:28,107:22:00,2,0,6.7,1,1,0,0,1:18,1,1,2,150,12:14,11:55,0:08,0:09,,,,,,,,,,,,,,,,,,,,
8480185,20202021,Eetu Luostarinen,C,21,"6' 3""",190,578:01:00,5,3,12,34,44,55,0,0,1:35,483:20:00,12,47.99,8.8,1,0,0,0,93:06:00,25,-11,8,821,13:08,10:59,2:06,0:02,,,,,,,,,,,,,,,,,,,,
8480844,20202021,Grigori Denisenko,LW,19,"5' 11""",186,83:35:00,4,0,2,6,7,15,0,0,1:10,82:25:00,2,50,0,0,0,0,0,0:00,2,1,4,115,11:56,11:46,0:00,0:10,,,,,,,,,,,,,,,,,,,,
8481442,20202021,Brady Keeper,D,23,"6' 2""",197,9:28,0,0,0,0,1,1,0,0,2:16,7:12,0,0,0,0,0,0,0,0:00,0,0,0,12,9:28,7:12,0:00,2:16,,,,,,,,,,,,,,,,,,,,
8482641,20202021,Matt Kiersted,D,21,"6' 0""",181,106:12:00,0,0,2,6,7,1,0,0,3:47,99:24:00,2,0,0,0,0,0,0,3:01,10,-4,0,139,15:10,14:12,0:25,0:32,,,,,,,,,,,,,,,,,,,,
8475683,20202021,Sergei Bobrovsky,G,31,"6' 2""",182,1816:28:00,,,,,31,,,,,,,,,,,,,,,,,,58:35:00,,,,2,0,19,8,847,131,40,676,42,741,152,0.906,2.9067,30,935,88,86.18421053,95.23809524,91.22807018,0
8476904,20202021,Chris Driedger,G,25,"6' 4""",208,1361:36:00,,,,,23,,,,,,,,,,,,,,,,,,59:12:00,,,,3,3,14,6,593,81,18,494,19,529,92,0.927,2.0711,23,640,47,88.04347826,94.73684211,93.38374291,0
8481519,20202021,Spencer Knight,G,18,"6' 3""",192,206:54:00,,,,,4,,,,,,,,,,,,,,,,,,51:43:00,,,,0,0,4,0,91,7,3,81,3,87,9,0.919,2.32,3,99,8,77.77777778,100,93.10344828,0
8466138,20212022,Joe Thornton,C,41,"6' 4""",220,377:36:00,5,5,10,26,34,20,3,3,44:38:00,332:28:00,10,44,19.2,1,0,0,0,0:30,10,-10,10,520,11:06,9:46,0:00,1:18,,,,,,,,,,,,,,,,,,,,
8471887,20212022,Patric Hornqvist,RW,34,"5' 11""",189,823:34:00,17,11,19,165,65,112,3,7,137:27:00,686:01:00,19,38.09,6.7,0,0,0,0,0:06,23,-5,28,1097,12:40,10:33,0:00,2:06,,,,,,,,,,,,,,,,,,,,
8473512,20212022,Claude Giroux,RW,33,"5' 11""",190,1430:15:00,44,21,26,205,75,68,5,23,241:39:00,1127:05:00,26,60.28,10.2,0,0,0,0,61:31:00,16,-5,65,1864,19:04,15:01,0:49,3:13,,,,,,,,,,,,,,,,,,,,
8474610,20212022,Zac Dalpe,C,31,"6' 2""",197,6:08,0,0,0,0,1,2,0,0,0:00,6:08,0,25,0,0,0,0,0,0:00,1,-1,0,8,6:08,6:08,0:00,0:00,,,,,,,,,,,,,,,,,,,,
8475246,20212022,Kevin Connauton,D,30,"6' 2""",205,509:59:00,2,1,4,30,39,74,0,0,1:09,489:37:00,4,0,3.3,0,0,0,0,19:13,32,-3,3,707,13:04,12:33,0:29,0:01,,,,,,,,,,,,,,,,,,,,
8475279,20212022,Ben Chiarot,D,29,"6' 3""",232,1691:09:00,17,9,48,143,74,157,2,3,72:37:00,1399:06:00,48,0,6.3,1,1,0,1,219:26:00,130,-14,26,1912,22:51,18:54,2:57,0:58,,,,,,,,,,,,,,,,,,,,
8475462,20212022,Radko Gudas,D,30,"6' 0""",208,1387:12:00,13,3,105,100,77,355,0,0,2:46,1223:40:00,105,0,3,0,0,1,1,160:46:00,118,27,16,1961,18:00,15:53,2:05,0:02,,,,,,,,,,,,,,,,,,,,
8476456,20212022,Jonathan Huberdeau,C,27,"6' 1""",200,1553:58:00,85,30,54,222,80,99,5,38,295:08:00,1112:22:00,54,33.33,13.5,7,2,3,5,146:28:00,28,35,115,1839,19:25,13:54,1:49,3:41,,,,,,,,,,,,,,,,,,,,
8476989,20212022,Petteri Lindbohm,D,27,"6' 3""",198,126:30:00,1,0,5,9,9,25,0,0,0:00,123:41:00,5,0,0,0,0,0,0,2:49,8,0,1,172,14:03,13:44,0:18,0:00,,,,,,,,,,,,,,,,,,,,
8477346,20212022,MacKenzie Weegar,D,27,"6' 0""",206,1869:48:00,36,8,81,203,80,179,1,3,53:01:00,1595:04:00,81,0,3.9,2,0,1,2,221:43:00,156,40,44,2372,23:22,19:56,2:46,0:39,,,,,,,,,,,,,,,,,,,,
8477407,20212022,Anthony Duclair,LW,25,"5' 11""",197,1109:45:00,27,31,30,167,74,38,9,21,188:45:00,912:33:00,30,50,18.6,5,1,0,0,8:27,16,19,58,1369,14:59,12:19,0:06,2:33,,,,,,,,,,,,,,,,,,,,
8477409,20212022,Carter Verhaeghe,C,25,"6' 2""",180,1252:08:00,31,24,48,167,78,50,0,3,85:31:00,1143:03:00,48,65.51,14.4,4,1,0,0,23:34,16,24,55,1582,16:03,14:39,0:18,1:05,,,,,,,,,,,,,,,,,,,,
8477462,20212022,Robert Hagg,D,25,"6' 2""",210,1025:14:00,8,1,35,59,64,138,0,0,2:07,899:53:00,35,0,1.7,0,0,0,0,123:14:00,102,-9,9,1344,16:01,14:03,1:55,0:01,,,,,,,,,,,,,,,,,,,,
8477493,20212022,Aleksander Barkov,C,25,"6' 3""",215,1360:19:00,49,39,18,214,67,50,12,26,233:37:00,982:02:00,18,56.94,18.2,5,2,4,5,144:40:00,42,36,88,1559,20:18,14:39,2:09,3:29,,,,,,,,,,,,,,,,,,,,
8477932,20212022,Aaron Ekblad,D,24,"6' 4""",215,1520:12:00,42,15,26,180,61,62,3,20,214:17:00,1135:14:00,26,0,8.3,2,2,0,3,170:41:00,69,38,57,1831,24:55:00,18:36,2:47,3:30,,,,,,,,,,,,,,,,,,,,
8477933,20212022,Sam Reinhart,C,25,"6' 2""",193,1385:11:00,49,33,13,186,78,49,16,31,261:20:00,1073:35:00,13,48.46,17.7,6,0,0,2,50:16:00,30,25,82,1596,17:45,13:45,0:38,3:21,,,,,,,,,,,,,,,,,,,,
8477935,20212022,Sam Bennett,C,24,"6' 1""",195,1202:57:00,21,28,74,241,71,119,5,9,156:17:00,991:59:00,74,46.86,11.6,7,1,0,1,54:41:00,27,27,49,1494,16:56,13:58,0:46,2:12,,,,,,,,,,,,,,,,,,,,
8477986,20212022,Brandon Montour,D,26,"6' 0""",194,1449:51:00,26,11,48,153,81,64,1,8,111:08:00,1288:52:00,48,0,7.2,1,1,0,0,49:51:00,65,15,37,1912,17:53,15:54,0:36,1:22,,,,,,,,,,,,,,,,,,,,
8478055,20212022,Gustav Forsling,D,24,"6' 0""",186,1506:52:00,27,10,18,145,71,45,0,0,12:42,1318:29:00,18,0,6.9,1,1,0,0,175:41:00,86,41,37,2054,21:13,18:34,2:28,0:10,,,,,,,,,,,,,,,,,,,,
8478366,20212022,Frank Vatrano,RW,26,"5' 11""",197,934:18:00,14,18,22,161,71,68,1,2,57:42:00,874:19:00,22,48,11.2,3,1,0,0,2:17,26,4,32,1207,13:09,12:18,0:01,0:48,,,,,,,,,,,,,,,,,,,,
8478569,20212022,Noel Acciari,C,29,"5' 10""",209,239:40:00,5,3,11,32,20,48,0,0,3:15,212:36:00,11,50.6,9.4,1,0,0,0,23:49,16,2,8,325,11:59,10:37,1:11,0:09,,,,,,,,,,,,,,,,,,,,
8478906,20212022,Markus Nutivaara,D,26,"6' 1""",187,7:01,1,0,0,0,1,1,0,0,0:00,7:01,0,0,0,0,0,0,0,0:00,0,0,1,12,7:01,7:01,0:00,0:00,,,,,,,,,,,,,,,,,,,,
8478975,20212022,Mason Marchment,LW,25,"6' 4""",210,762:24:00,29,18,53,121,54,114,1,2,46:35:00,714:22:00,53,27.5,14.9,2,0,0,0,1:27,9,29,47,977,14:07,13:13,0:01,0:51,,,,,,,,,,,,,,,,,,,,
8479066,20212022,Ryan Lomberg,LW,26,"5' 9""",187,627:20:00,9,9,92,91,55,117,0,0,0:29,559:52:00,92,14.28,9.9,1,0,0,1,66:59:00,7,4,18,899,11:24,10:10,1:13,0:00,,,,,,,,,,,,,,,,,,,,
8479355,20212022,Olli Juolevi,D,22,"6' 2""",182,229:34:00,0,0,6,18,18,14,0,0,0:33,222:55:00,6,0,0,0,0,0,0,6:06,10,-1,0,323,12:45,12:23,0:20,0:01,,,,,,,,,,,,,,,,,,,,
8479523,20212022,Lucas Carlsson,D,23,"6' 0""",189,508:27:00,6,3,10,41,40,39,0,0,3:11,500:19:00,10,0,7.3,0,0,0,0,4:57,29,3,9,732,12:42,12:30,0:07,0:04,,,,,,,,,,,,,,,,,,,,
8479553,20212022,Maxim Mamin,C,26,"6' 2""",206,476:07:00,7,7,13,49,40,59,0,0,3:32,472:29:00,13,0,14.3,0,0,0,0,0:06,17,8,14,631,11:54,11:48,0:00,0:05,,,,,,,,,,,,,,,,,,,,
8479597,20212022,Chase Priskie,D,24,"6' 0""",185,56:01:00,0,0,2,4,4,3,0,0,0:56,53:18:00,2,0,0,0,0,0,0,1:47,3,2,0,79,14:00,13:19,0:26,0:14,,,,,,,,,,,,,,,,,,,,
8480015,20212022,Owen Tippett,RW,21,"6' 1""",207,845:38:00,11,10,12,126,63,98,1,3,107:04:00,738:18:00,12,38.18,7.9,1,0,0,0,0:16,16,-2,21,1119,13:25,11:43,0:00,1:41,,,,,,,,,,,,,,,,,,,,
8480037,20212022,Aleksi Heponiemi,C,22,"5' 10""",155,84:10:00,1,0,2,7,6,0,0,1,0:42,81:28:00,2,33.33,0,0,0,0,0,2:00,1,-6,1,113,14:01,13:34,0:20,0:07,,,,,,,,,,,,,,,,,,,,
8480185,20212022,Eetu Luostarinen,C,22,"6' 3""",190,1048:03:00,17,9,12,84,78,103,0,1,7:19,893:31:00,12,40.02,10.7,4,1,2,3,147:13:00,46,1,26,1509,13:26,11:27,1:53,0:05,,,,,,,,,,,,,,,,,,,,
8480844,20212022,Grigori Denisenko,LW,20,"5' 11""",186,15:30,0,0,2,3,1,1,0,0,1:01,14:29,2,0,0,0,0,0,0,0:00,2,0,0,18,15:30,14:29,0:00,1:01,,,,,,,,,,,,,,,,,,,,
8481655,20212022,Cole Schwindt,RW,19,"6' 2""",182,42:24:00,0,0,0,3,3,5,0,0,0:01,42:23:00,0,48.38,0,0,0,0,0,0:00,2,-4,0,53,14:08,14:07,0:00,0:00,,,,,,,,,,,,,,,,,,,,
8482113,20212022,Anton Lundell,C,19,"6' 1""",185,1022:55:00,26,18,18,125,65,26,1,4,44:32:00,824:16:00,18,44.65,14.4,4,0,1,4,154:07:00,56,33,44,1371,15:44,12:40,2:22,0:41,,,,,,,,,,,,,,,,,,,,
8482641,20212022,Matt Kiersted,D,22,"6' 0""",181,140:27:00,1,1,2,11,10,10,0,0,0:10,131:55:00,2,0,9.1,0,0,0,0,8:22,17,-8,2,188,14:02,13:11,0:50,0:01,,,,,,,,,,,,,,,,,,,,
8475683,20212022,Sergei Bobrovsky,G,32,"6' 2""",182,3082:10:00,,,,,54,,,,,,,,,,,,,,,,,,57:04:00,,,,3,3,39,7,1429,231,42,1156,47,1262,257,0.913,2.667,53,1566,137,89.88326848,89.36170213,91.60063391,0
8477992,20212022,Jonas Johansson,G,25,"6' 5""",220,486:31:00,,,,,11,,,,,,,,,,,,,,,,,,44:13:00,,,,1,0,3,4,226,19,12,194,12,229,23,0.856,4.6864,8,264,38,82.60869565,100,84.71615721,0
8481519,20212022,Spencer Knight,G,19,"6' 3""",192,1740:14:00,,,,,32,,,,,,,,,,,,,,,,,,54:22:00,,,,3,2,19,9,795,138,19,638,22,691,163,0.908,2.7927,27,876,81,84.66257669,86.36363636,92.32995658,0
