,gameID,event_date,loc,result,FLA_goals,FLA_pim,FLA_shots,FLA_powerPlayPercentage,FLA_powerPlayGoals,FLA_powerPlayOpportunities,FLA_faceOffWinPercentage,FLA_blocked,FLA_takeaways,FLA_giveaways,FLA_hits,OPP_goals,OPP_pim,OPP_shots,OPP_powerPlayPercentage,OPP_powerPlayGoals,OPP_powerPlayOpportunities,OPP_faceOffWinPercentage,OPP_blocked,OPP_takeaways,OPP_giveaways,OPP_hits
0,2010020026,2010-10-11T00:00:00Z,away,L,2,4,28,0,0,5,66.7,8,15,7,17,3,10,13,0,0,2,33.3,24,10,21,25
1,2010020033,2010-10-12T02:00:00Z,away,L,1,0,42,0,0,3,40.7,16,6,5,13,2,6,35,0,0,0,59.3,25,6,5,23
2,2010020047,2010-10-15T01:30:00Z,away,W,3,8,18,0,0,3,57.1,19,6,13,6,0,6,27,0,0,4,42.9,15,5,16,19
3,2010020059,2010-10-16T23:00:00Z,home,W,6,4,38,25,1,4,52.5,10,4,8,19,0,8,29,0,0,2,47.5,13,4,5,26
4,2010020088,2010-10-21T23:30:00Z,home,L,1,9,28,0,0,3,52.7,8,5,6,20,4,21,29,0,0,2,47.3,10,3,6,22
5,2010020103,2010-10-23T23:00:00Z,home,W,4,10,30,0,0,5,54,8,5,8,21,3,12,33,40,2,5,46,9,5,3,25
6,2010020117,2010-10-26T23:00:00Z,away,L,1,4,22,33.3,1,3,36.6,21,8,9,28,3,6,27,50,1,2,63.4,27,9,12,35
7,2010020132,2010-10-28T23:00:00Z,away,L,3,7,31,33.3,1,3,38.6,10,12,9,21,5,11,28,0,0,1,61.4,17,8,6,21
8,2010020144,2010-10-30T23:00:00Z,away,W,3,10,31,0,0,3,52.1,18,2,4,20,1,6,41,0,0,5,47.9,11,6,5,26
9,2010020167,2010-11-03T23:30:00Z,home,L,3,7,55,0,0,1,53.1,14,9,5,15,4,7,23,0,0,1,46.9,15,3,0,30
10,2010020182,2010-11-05T23:30:00Z,home,W,7,14,50,0,0,2,59,10,4,4,15,4,4,31,0,0,7,41,13,6,4,20
11,2010020192,2010-11-06T23:00:00Z,away,L,2,10,20,0,0,2,59.3,26,3,5,22,3,4,29,20,1,5,40.7,19,12,6,30
12,2010020214,2010-11-11T00:30:00Z,home,W,4,10,28,40,2,5,50,14,9,5,19,1,10,33,0,0,5,50,7,7,4,31
13,2010020230,2010-11-13T00:30:00Z,home,W,2,8,27,0,0,4,57.4,19,8,7,20,1,25,23,33.3,1,3,42.6,16,0,4,27
14,2010020237,2010-11-14T00:00:00Z,away,L,2,8,36,0,0,2,46.3,19,7,9,12,5,4,42,50,2,4,53.7,21,10,8,19
15,2010020262,2010-11-18T00:00:00Z,away,W,2,2,34,0,0,3,50.9,11,13,5,14,1,6,39,0,0,1,49.1,17,12,8,16
16,2010020269,2010-11-19T00:00:00Z,away,L,0,9,41,0,0,5,52.5,18,3,3,15,4,15,40,0,0,2,47.5,12,2,3,15
17,2010020286,2010-11-21T00:00:00Z,away,W,4,8,31,0,0,6,47.7,24,10,6,9,1,12,40,0,0,4,52.3,19,14,12,26
18,2010020305,2010-11-23T00:30:00Z,home,L,2,6,29,0,0,5,63,9,9,9,22,3,10,26,66.7,2,3,37,19,2,1,23
19,2010020315,2010-11-25T00:30:00Z,home,L,1,8,32,0,0,2,52.4,9,8,2,19,3,4,37,25,1,4,47.6,10,3,3,24
20,2010020331,2010-11-27T00:30:00Z,home,L,0,11,40,0,0,5,54.9,9,4,3,21,3,15,19,50,1,2,45.1,10,2,0,34
21,2010020338,2010-11-28T00:30:00Z,away,W,3,14,27,0,0,4,57.1,16,5,4,16,3,8,37,14.3,1,7,42.9,20,5,14,19
22,2010020364,2010-12-02T03:00:00Z,away,L,3,7,32,100,2,2,61.9,14,3,10,21,5,9,29,0,0,1,38.1,11,7,7,20
23,2010020372,2010-12-03T03:30:00Z,away,L,2,4,26,0,0,3,44.8,18,1,12,30,3,6,24,0,0,2,55.2,10,0,15,41
24,2010020388,2010-12-05T01:00:00Z,away,W,1,6,37,0,0,4,53.7,12,3,1,31,1,8,41,33.3,1,3,46.3,9,3,12,38
25,2010020403,2010-12-08T00:30:00Z,home,W,4,2,25,0,0,2,43.6,9,7,5,22,3,4,25,0,0,1,56.4,15,0,1,26
26,2010020414,2010-12-10T00:00:00Z,away,W,3,21,32,16.7,1,6,44.3,16,2,13,12,0,17,36,0,0,8,55.7,13,7,5,21
27,2010020433,2010-12-12T01:00:00Z,away,L,0,12,22,0,0,1,61.7,17,5,7,18,3,6,27,25,1,4,38.3,8,7,11,17
28,2010020456,2010-12-16T00:30:00Z,home,L,3,8,27,33.3,1,3,61.8,21,4,6,21,4,6,34,25,1,4,38.2,9,2,0,38
29,2010020470,2010-12-18T00:30:00Z,home,W,6,14,26,20,1,5,45.3,15,7,3,30,2,14,43,20,1,5,54.7,9,4,4,31
30,2010020490,2010-12-21T00:00:00Z,away,W,5,2,34,0,0,4,56.5,14,8,5,16,0,8,26,0,0,1,43.5,13,4,6,26
31,2010020503,2010-12-23T00:00:00Z,away,L,2,18,37,0,0,3,45.8,11,3,0,15,5,16,34,0,0,4,54.2,12,4,10,13
32,2010020507,2010-12-24T00:00:00Z,away,W,4,14,29,25,1,4,57.4,18,2,5,12,3,22,48,20,1,5,42.6,10,1,7,22
33,2010020532,2010-12-28T00:30:00Z,home,OTL,2,4,34,0,0,2,51.9,11,6,7,34,2,6,42,0,0,1,48.1,17,5,3,34
34,2010020558,2010-12-31T22:00:00Z,home,OTL,2,8,22,0,0,6,53.7,13,5,2,25,3,12,48,50,2,4,46.3,13,5,3,33
35,2010020574,2011-01-02T22:00:00Z,home,W,3,4,36,33.3,1,3,58,15,10,8,24,0,6,32,0,0,2,42,18,5,8,34
36,2010020582,2011-01-04T00:00:00Z,away,W,4,10,28,0,0,1,52.6,15,9,2,19,3,6,37,0,0,3,47.4,21,17,5,46
37,2010020593,2011-01-06T00:30:00Z,home,L,2,15,35,0,0,2,45.6,13,10,9,31,3,4,31,16.7,1,6,54.4,18,7,0,19
38,2010020606,2011-01-08T00:30:00Z,home,L,3,6,35,0,0,3,62.5,8,2,8,26,5,6,35,0,0,3,37.5,15,4,7,57
39,2010020617,2011-01-09T00:00:00Z,away,L,2,6,27,0,0,4,48,17,4,3,17,3,8,27,33.3,1,3,52,18,10,12,25
40,2010020638,2011-01-12T00:30:00Z,home,W,4,12,41,50,3,6,51.5,3,10,6,27,3,12,33,0,0,5,48.5,22,2,2,21
41,2010020650,2011-01-14T00:30:00Z,home,W,3,6,34,0,0,3,47.7,11,9,5,29,2,6,29,0,0,3,52.3,6,7,2,40
42,2010020665,2011-01-16T00:00:00Z,home,W,3,8,22,50,2,4,52.9,10,10,2,36,2,8,35,0,0,4,47.1,13,3,2,32
43,2010020681,2011-01-18T00:30:00Z,home,OTL,2,4,40,40,2,5,50.8,20,11,3,30,2,10,30,0,0,2,49.2,15,3,1,36
44,2010020694,2011-01-20T00:30:00Z,home,OTL,2,11,31,0,0,4,49.2,13,13,4,27,3,13,38,33.3,1,3,50.8,13,5,0,37
45,2010020710,2011-01-22T00:30:00Z,home,OTL,1,4,30,0,0,7,54.1,19,6,3,31,1,14,21,0,0,1,45.9,14,7,6,29
46,2010020723,2011-01-23T20:00:00Z,away,L,2,6,26,0,0,1,48.2,7,2,4,9,5,2,23,66.7,2,3,51.8,8,5,8,19
47,2010020734,2011-01-26T00:00:00Z,away,W,4,8,17,0,0,1,54.8,16,3,3,25,3,2,35,25,1,4,45.2,11,5,6,29
48,2010020742,2011-01-27T00:00:00Z,away,L,1,2,35,0,0,1,42.9,19,11,11,29,2,2,35,0,0,1,57.1,9,8,11,23
49,2010020751,2011-02-02T00:00:00Z,away,OTL,3,8,33,50,2,4,52.7,15,7,10,23,3,8,25,25,1,4,47.3,24,5,17,31
50,2010020766,2011-02-03T00:30:00Z,away,L,2,10,35,0,0,3,42.3,15,6,4,17,3,6,40,0,0,5,57.7,23,10,16,19
51,2010020776,2011-02-05T00:00:00Z,away,W,4,6,29,50,1,2,50.8,12,9,5,11,3,4,31,0,0,3,49.2,7,9,6,12
52,2010020807,2011-02-09T00:30:00Z,home,L,1,15,31,20,1,5,61.7,13,7,5,28,2,15,28,0,0,5,38.3,14,5,2,40
53,2010020820,2011-02-11T00:30:00Z,home,OTL,2,9,26,100,1,1,50,14,9,1,51,3,7,27,0,0,2,50,8,4,2,41
54,2010020841,2011-02-13T22:00:00Z,home,W,3,19,22,0,0,3,45.3,23,6,7,36,2,13,30,0,0,1,54.7,11,8,0,29
55,2010020858,2011-02-17T00:30:00Z,home,L,2,8,35,33.3,1,3,53.6,8,12,9,28,4,6,35,0,0,4,46.4,20,5,6,25
56,2010020874,2011-02-19T00:30:00Z,home,L,3,6,32,25,1,4,55.9,9,10,6,27,4,8,30,0,0,3,44.1,11,7,6,24
57,2010020881,2011-02-20T00:30:00Z,away,W,2,12,26,66.7,2,3,42.6,12,12,6,28,2,6,36,0,0,6,57.4,16,10,12,24
58,2010020891,2011-02-21T18:00:00Z,away,L,1,26,21,20,1,5,48.9,15,9,5,13,5,25,37,20,1,5,51.1,23,17,9,20
59,2010020903,2011-02-24T00:00:00Z,away,L,1,17,24,0,0,5,53.2,15,5,9,19,5,15,34,16.7,1,6,46.8,15,4,12,21
60,2010020919,2011-02-26T00:30:00Z,away,W,1,6,32,0,0,5,39.1,20,11,6,21,1,10,46,0,0,3,60.9,11,16,6,24
61,2010020935,2011-02-27T22:00:00Z,home,L,1,6,26,0,0,1,60,9,8,3,33,2,2,26,33.3,1,3,40,14,8,1,23
62,2010020944,2011-03-02T00:00:00Z,away,L,1,9,42,0,0,1,55.4,13,6,7,15,2,7,22,50,1,2,44.6,20,9,11,26
63,2010020963,2011-03-04T00:30:00Z,home,L,0,2,30,0,0,3,48.3,16,6,9,37,4,6,31,0,0,1,51.7,12,5,4,20
64,2010020978,2011-03-06T00:00:00Z,away,OTL,3,15,34,25,1,4,57.4,13,12,9,22,4,13,36,20,1,5,42.6,19,12,7,21
65,2010020985,2011-03-06T22:00:00Z,home,OTL,2,7,34,16.7,1,6,50.8,13,8,12,18,3,17,25,0,0,1,49.2,16,6,2,29
66,2010020997,2011-03-09T00:30:00Z,home,W,3,6,15,0,0,0,42.4,11,12,6,40,2,0,39,0,0,3,57.6,5,6,5,25
67,2010021010,2011-03-11T00:30:00Z,home,L,1,8,34,0,0,4,50.8,14,6,4,22,2,21,39,25,1,4,49.2,7,5,3,24
68,2010021028,2011-03-13T00:00:00Z,home,W,4,16,27,0,0,4,42.9,13,4,8,22,3,8,38,37.5,3,8,57.1,8,2,4,25
69,2010021047,2011-03-15T23:30:00Z,home,L,2,15,22,0,0,4,57.4,9,7,4,30,3,13,31,0,0,4,42.6,22,5,3,31
70,2010021059,2011-03-17T23:30:00Z,home,W,4,20,26,100,2,2,58.1,15,16,9,23,0,14,24,0,0,5,41.9,10,7,2,34
71,2010021074,2011-03-19T23:00:00Z,home,OTL,3,16,32,0,0,2,54.3,15,4,5,31,3,14,21,0,0,3,45.7,16,10,1,25
72,2010021089,2011-03-22T23:00:00Z,away,L,0,2,22,0,0,0,60.8,13,2,2,33,1,0,33,0,0,1,39.2,12,5,1,32
73,2010021099,2011-03-24T00:30:00Z,away,L,0,8,23,0,0,2,47.7,16,13,4,31,4,4,31,25,1,4,52.3,9,13,12,21
74,2010021112,2011-03-25T23:30:00Z,away,L,2,6,24,0,0,2,53.6,6,5,7,23,4,6,32,50,1,2,46.4,12,12,7,21
75,2010021128,2011-03-27T17:00:00Z,away,OTL,1,6,38,0,0,2,59.7,17,3,2,33,1,4,28,0,0,3,40.3,15,1,6,35
76,2010021138,2011-03-29T23:00:00Z,away,OTL,2,6,31,33.3,1,3,50,16,3,3,25,2,6,32,0,0,3,50,12,10,2,41
77,2010021155,2011-03-31T23:30:00Z,home,L,1,9,38,0,0,3,48.2,3,3,3,35,4,13,23,0,0,1,51.8,16,5,2,33
78,2010021172,2011-04-02T23:00:00Z,home,L,2,4,30,0,0,2,57.4,18,5,3,29,4,6,34,0,0,1,42.6,9,5,2,40
79,2010021195,2011-04-06T23:00:00Z,away,L,2,10,33,25,1,4,49.1,6,4,8,21,5,10,25,50,2,4,50.9,24,10,9,31
80,2010021209,2011-04-08T23:30:00Z,away,L,2,8,25,0,0,5,49.3,14,6,7,14,4,10,34,50,2,4,50.7,10,9,5,27
81,2010021220,2011-04-09T23:00:00Z,home,W,1,2,23,0,0,2,61.7,13,6,3,25,0,4,28,0,0,1,38.3,18,7,3,28
82,2011020014,2011-10-09T00:00:00Z,away,W,2,23,29,20,1,5,51.8,13,9,8,26,0,17,27,0,0,3,48.2,24,13,8,21
83,2011020032,2011-10-11T23:30:00Z,away,L,2,8,34,0,0,5,38.2,12,6,6,26,4,10,29,0,0,4,61.8,15,9,5,23
84,2011020056,2011-10-15T23:30:00Z,home,W,2,23,38,33.3,2,6,52.7,11,0,4,28,2,31,30,0,0,2,47.3,11,4,1,41
85,2011020065,2011-10-17T23:30:00Z,away,W,7,11,33,55.6,5,9,57.4,8,6,8,20,4,33,39,33.3,1,3,42.6,12,4,10,21
86,2011020070,2011-10-18T23:00:00Z,away,L,0,4,20,0,0,2,52.2,9,12,10,20,3,6,32,100,1,1,47.8,12,21,5,30
87,2011020085,2011-10-20T23:30:00Z,home,L,0,11,22,0,0,1,54.2,12,5,1,37,3,7,38,33.3,1,3,45.8,10,6,1,21
88,2011020105,2011-10-22T23:30:00Z,home,W,4,15,33,0,0,2,44.6,7,9,0,17,2,9,28,40,2,5,55.4,9,3,1,22
89,2011020111,2011-10-24T23:30:00Z,away,W,2,6,31,33.3,1,3,53.3,9,7,7,11,1,6,41,33.3,1,3,46.7,14,6,7,15
90,2011020130,2011-10-27T23:30:00Z,away,L,3,6,25,0,0,4,54.2,18,8,7,14,4,10,38,0,0,2,45.8,14,6,9,25
91,2011020141,2011-10-29T23:00:00Z,away,W,3,23,36,16.7,1,6,45.6,8,6,6,14,2,12,26,25,1,4,54.4,7,3,6,20
92,2011020158,2011-10-31T23:30:00Z,home,OTL,3,9,42,20,1,5,59,9,9,4,15,3,17,31,50,1,2,41,20,2,0,38
93,2011020172,2011-11-03T23:30:00Z,home,OTL,2,9,43,0,0,1,52.2,13,8,10,20,2,9,33,0,0,1,47.8,18,7,3,14
94,2011020196,2011-11-06T22:00:00Z,home,OTL,3,6,41,50,1,2,56.7,9,14,6,19,3,4,37,33.3,1,3,43.3,11,8,1,29
95,2011020203,2011-11-09T00:00:00Z,away,W,5,4,28,0,0,2,53.8,18,12,16,17,1,4,39,0,0,2,46.2,20,14,16,33
96,2011020217,2011-11-11T01:30:00Z,away,W,5,6,20,40,2,5,47.5,11,3,5,9,2,10,27,33.3,1,3,52.5,9,6,15,25
97,2011020240,2011-11-13T22:00:00Z,home,L,2,35,33,0,0,7,44,12,12,7,17,3,19,35,0,0,5,56,18,5,6,22
98,2011020254,2011-11-16T01:30:00Z,away,W,6,6,30,0,0,4,43.4,7,9,9,20,0,10,25,0,0,2,56.6,29,7,13,36
99,2011020264,2011-11-18T01:00:00Z,away,L,1,10,21,0,0,3,49.2,12,8,8,10,4,21,31,0,0,3,50.8,17,7,6,24
100,2011020281,2011-11-20T00:30:00Z,home,W,3,4,31,50,2,4,52.3,17,12,10,22,2,8,41,0,0,2,47.7,4,6,1,23
101,2011020295,2011-11-22T00:30:00Z,home,W,4,11,36,0,0,5,47.3,9,6,8,20,3,15,25,0,0,3,52.7,13,11,4,33
102,2011020307,2011-11-24T00:30:00Z,home,W,2,8,38,25,1,4,50,11,6,8,19,1,16,20,0,0,4,50,8,3,2,50
103,2011020322,2011-11-26T00:30:00Z,home,OTL,1,4,24,0,0,4,54,13,3,9,15,2,8,31,50,1,2,46,11,7,5,39
104,2011020332,2011-11-27T00:00:00Z,away,L,1,4,25,0,0,6,45.7,14,5,8,19,5,12,34,0,0,2,54.3,15,6,9,32
105,2011020348,2011-11-30T00:00:00Z,away,W,3,10,21,50,1,2,50.9,18,9,6,13,1,4,27,0,0,5,49.1,8,7,6,25
106,2011020364,2011-12-02T03:30:00Z,away,L,1,11,42,0,0,6,55.6,6,4,11,18,2,19,26,50,1,2,44.4,17,5,15,45
107,2011020383,2011-12-04T03:30:00Z,away,W,5,6,35,50,2,4,33.3,20,15,13,10,3,20,26,50,1,2,66.7,21,3,17,28
108,2011020390,2011-12-06T00:30:00Z,home,W,5,9,30,50,3,6,46.8,10,8,6,23,4,27,32,0,0,2,53.2,4,2,2,20
109,2011020405,2011-12-09T00:00:00Z,away,W,2,18,30,0,0,1,46.2,16,4,4,19,0,12,40,0,0,4,53.8,10,3,6,16
110,2011020418,2011-12-10T00:30:00Z,away,OTL,1,10,23,25,1,4,51,11,6,8,15,2,8,20,0,0,5,49,9,5,10,21
111,2011020433,2011-12-12T00:30:00Z,away,L,1,11,21,0,0,7,59.1,17,6,5,24,6,19,33,66.7,2,3,40.9,19,8,3,30
112,2011020444,2011-12-14T00:30:00Z,home,OTL,2,17,26,0,0,1,50.8,11,5,6,30,2,11,34,0,0,4,49.2,8,7,2,39
113,2011020464,2011-12-17T00:30:00Z,home,W,2,10,41,0,0,5,48.4,14,8,8,22,2,12,26,25,1,4,51.6,12,9,2,29
114,2011020478,2011-12-18T22:00:00Z,home,W,3,6,25,33.3,1,3,40.3,18,9,8,29,2,6,26,0,0,3,59.7,13,5,2,21
115,2011020491,2011-12-21T00:30:00Z,home,L,1,14,28,0,0,4,59.3,10,7,6,27,2,8,22,28.6,2,7,40.7,10,2,1,38
116,2011020502,2011-12-23T00:30:00Z,away,OTL,3,6,35,40,2,5,46.9,15,8,11,16,4,23,26,100,2,2,53.1,17,18,14,24
117,2011020508,2011-12-24T00:00:00Z,away,L,0,15,30,0,0,2,36.4,16,7,9,19,8,9,35,40,2,5,63.6,13,4,8,14
118,2011020533,2011-12-28T00:30:00Z,home,W,5,8,26,66.7,2,3,59.6,16,9,2,24,3,6,32,25,1,4,40.4,8,3,2,32
119,2011020553,2011-12-31T00:30:00Z,home,L,1,22,28,0,0,4,55.3,6,10,6,43,4,23,25,0,0,1,44.7,18,6,2,36
120,2011020559,2012-01-01T00:00:00Z,home,W,3,20,35,16.7,1,6,46.7,14,8,1,33,2,16,28,0,0,3,53.3,9,2,3,33
121,2011020586,2012-01-06T00:00:00Z,away,OTL,2,6,21,0,0,1,53.2,17,7,2,30,3,2,41,33.3,1,3,46.8,14,10,6,50
122,2011020593,2012-01-07T00:00:00Z,away,L,2,6,24,0,0,2,47.5,5,3,6,24,5,4,29,0,0,3,52.5,7,6,11,36
123,2011020614,2012-01-10T00:30:00Z,home,W,2,8,22,33.3,1,3,53.7,16,8,7,26,1,8,26,0,0,3,46.3,11,1,1,20
124,2011020645,2012-01-14T00:30:00Z,home,L,1,18,26,0,0,1,61.7,7,6,6,26,4,12,41,0,0,4,38.3,13,7,1,34
125,2011020667,2012-01-17T00:30:00Z,home,OTL,2,9,40,0,0,3,55.2,7,8,11,27,2,11,35,50,1,2,44.8,9,6,3,27
126,2011020683,2012-01-19T02:30:00Z,away,OTL,3,6,29,33.3,1,3,41.2,21,13,2,10,4,6,44,33.3,1,3,58.8,18,8,7,14
127,2011020697,2012-01-21T01:30:00Z,away,L,1,8,19,33.3,1,3,55.9,15,5,7,34,3,6,22,25,1,4,44.1,8,13,7,22
128,2011020706,2012-01-22T00:00:00Z,away,W,3,10,23,0,0,3,39.7,24,6,12,16,3,6,44,20,1,5,60.3,7,6,14,38
129,2011020727,2012-01-25T00:30:00Z,home,OTL,2,6,25,50,1,2,58.2,9,13,3,27,2,4,37,33.3,1,3,41.8,13,1,4,38
130,2011020751,2012-02-02T01:00:00Z,home,W,4,4,38,25,1,4,60.4,11,10,6,23,2,8,28,0,0,2,39.6,16,2,1,38
131,2011020763,2012-02-04T00:30:00Z,home,W,2,7,30,33.3,1,3,57.1,19,10,1,24,1,11,21,0,0,1,42.9,15,4,2,24
132,2011020774,2012-02-05T00:00:00Z,away,L,3,6,20,0,0,3,46,12,9,6,19,6,6,34,33.3,1,3,54,22,9,9,26
133,2011020788,2012-02-08T00:00:00Z,away,L,0,2,42,0,0,4,43.9,6,7,4,19,4,8,24,100,1,1,56.1,17,10,14,31
134,2011020808,2012-02-10T00:30:00Z,home,W,3,4,23,0,0,2,61.5,18,7,5,24,1,4,23,0,0,2,38.5,4,7,4,36
135,2011020817,2012-02-11T18:00:00Z,away,W,3,2,20,33.3,1,3,44.2,9,10,1,7,1,6,28,0,0,1,55.8,11,7,3,21
136,2011020827,2012-02-12T20:00:00Z,away,W,4,4,19,100,1,1,54.9,22,10,2,20,1,2,27,0,0,2,45.1,11,13,5,27
137,2011020848,2012-02-16T00:30:00Z,home,L,2,18,44,20,1,5,55.6,19,8,7,37,6,20,31,25,1,4,44.4,10,10,1,25
138,2011020861,2012-02-18T00:30:00Z,home,L,1,12,23,0,0,3,50.8,16,8,6,34,2,6,41,16.7,1,6,49.2,17,3,3,37
139,2011020878,2012-02-19T23:00:00Z,home,L,0,9,31,0,0,4,56.2,14,9,5,24,2,13,27,0,0,2,43.8,16,9,1,25
140,2011020901,2012-02-24T00:30:00Z,home,OTL,2,6,43,33.3,1,3,54.5,10,9,2,38,2,6,28,33.3,1,3,45.5,23,8,0,34
141,2011020921,2012-02-26T00:00:00Z,away,W,2,6,44,0,0,2,44.1,14,13,5,24,2,6,28,50,1,2,55.9,19,14,5,23
142,2011020929,2012-02-26T22:00:00Z,home,W,4,19,32,20,1,5,58.5,5,3,5,30,2,19,20,20,1,5,41.5,9,3,2,38
143,2011020938,2012-02-29T00:00:00Z,away,W,5,10,23,50,2,4,36.7,17,4,7,22,3,8,31,40,2,5,63.3,7,9,13,43
144,2011020954,2012-03-02T01:30:00Z,away,L,0,8,33,0,0,3,55.6,15,1,12,27,7,18,32,33.3,1,3,44.4,16,2,5,30
145,2011020968,2012-03-04T00:30:00Z,home,L,1,2,40,0,0,3,57.6,11,6,4,22,3,6,23,0,0,1,42.4,9,13,1,22
146,2011020977,2012-03-04T23:00:00Z,home,W,4,4,28,20,1,5,54,25,5,2,41,2,10,25,0,0,2,46,7,5,1,32
147,2011021000,2012-03-09T00:00:00Z,away,L,0,22,28,0,0,4,54,6,4,9,20,5,22,35,50,2,4,46,18,7,8,19
148,2011021010,2012-03-10T00:00:00Z,away,OTL,1,6,29,0,0,1,32,15,5,2,34,1,4,34,0,0,2,68,17,4,7,25
149,2011021026,2012-03-11T21:00:00Z,home,W,2,8,33,0,0,1,53.8,13,11,6,24,0,6,34,0,0,2,46.2,13,3,2,27
150,2011021041,2012-03-13T23:30:00Z,home,W,5,24,27,50,2,4,50,13,6,2,33,2,18,28,0,0,2,50,8,4,2,35
151,2011021057,2012-03-15T23:30:00Z,home,W,6,4,29,33.3,1,3,52.3,12,5,4,31,2,6,26,50,1,2,47.7,10,4,4,38
152,2011021072,2012-03-17T23:30:00Z,home,W,2,16,17,50,1,2,50,15,12,4,43,2,14,26,33.3,1,3,50,16,6,1,34
153,2011021089,2012-03-20T23:00:00Z,away,W,2,8,13,50,1,2,37.7,18,6,5,32,1,4,36,0,0,4,62.3,11,6,7,27
154,2011021098,2012-03-21T23:00:00Z,away,L,1,14,31,0,0,5,47.3,11,8,11,11,3,16,39,25,1,4,52.7,18,7,9,18
155,2011021115,2012-03-23T23:30:00Z,home,OTL,1,2,27,0,0,4,53.8,12,9,1,26,1,8,21,0,0,1,46.2,18,8,2,19
156,2011021129,2012-03-25T21:00:00Z,home,OTL,2,4,35,0,0,2,49.1,9,12,3,24,2,4,37,50,1,2,50.9,14,10,1,21
157,2011021145,2012-03-27T23:30:00Z,away,W,2,9,36,0,0,3,61.4,11,3,7,17,2,11,29,50,1,2,38.6,20,8,13,42
158,2011021158,2012-03-30T00:00:00Z,away,OTL,2,4,27,40,2,5,56.9,11,2,2,9,3,10,25,0,0,2,43.1,13,4,3,19
159,2011021163,2012-03-30T23:00:00Z,away,L,1,12,31,0,0,3,58.2,8,2,1,20,4,8,29,20,1,5,41.8,14,12,1,19
160,2011021183,2012-04-01T20:00:00Z,away,OTL,1,8,28,0,0,6,40.4,11,8,5,18,1,23,32,0,0,3,59.6,6,5,15,21
161,2011021194,2012-04-03T23:30:00Z,home,OTL,4,4,38,50,1,2,49.1,8,3,8,22,5,4,30,50,1,2,50.9,15,3,4,26
162,2011021205,2012-04-05T23:00:00Z,away,L,2,4,27,0,0,1,52.5,11,8,11,23,4,2,24,0,0,2,47.5,25,7,26,40
163,2011021225,2012-04-07T23:30:00Z,home,W,4,4,26,50,1,2,48.3,14,2,7,16,1,4,35,50,1,2,51.7,11,7,2,40
164,2012020008,2013-01-20T00:30:00Z,home,W,5,16,25,50,3,6,50.8,14,10,5,22,1,14,42,0,0,6,49.2,10,2,1,28
165,2012020024,2013-01-22T00:30:00Z,away,L,0,13,31,0,0,3,43.9,18,6,12,16,4,11,37,25,1,4,56.1,13,10,9,21
166,2012020029,2013-01-23T00:30:00Z,away,L,1,14,28,12.5,1,8,57.7,12,2,10,19,4,41,33,33.3,2,6,42.3,10,9,13,37
167,2012020044,2013-01-25T00:30:00Z,home,L,1,6,26,20,1,5,45,19,10,2,17,3,10,37,33.3,1,3,55,15,5,2,15
168,2012020060,2013-01-27T00:30:00Z,home,L,1,16,31,0,0,4,60.3,14,6,4,31,7,10,26,28.6,2,7,39.7,10,2,1,38
169,2012020084,2013-01-30T00:30:00Z,away,L,2,37,28,0,0,4,54.2,7,5,6,18,5,15,33,40,2,5,45.8,10,12,13,19
170,2012020097,2013-02-01T00:30:00Z,home,W,6,15,34,50,3,6,57.9,5,8,7,29,3,31,25,0,0,3,42.1,13,6,2,37
171,2012020121,2013-02-03T20:00:00Z,away,W,4,12,33,50,1,2,57.4,14,5,7,15,3,16,20,0,0,1,42.6,11,13,10,22
172,2012020135,2013-02-06T01:00:00Z,away,OTL,2,8,19,0,0,2,40.9,20,4,7,17,3,4,21,25,1,4,59.1,12,7,7,23
173,2012020144,2013-02-08T00:00:00Z,away,W,2,8,24,25,1,4,45.6,19,4,5,23,2,8,32,25,1,4,54.4,12,6,9,23
174,2012020162,2013-02-10T00:00:00Z,away,L,0,11,27,0,0,2,49,18,5,7,25,5,11,25,50,1,2,51,19,10,6,24
175,2012020182,2013-02-13T00:30:00Z,home,OTL,5,8,32,0,0,5,35.3,14,6,3,24,6,12,29,66.7,2,3,64.7,9,5,1,31
176,2012020194,2013-02-15T00:30:00Z,home,OTL,0,6,26,0,0,2,54.2,10,7,2,33,1,4,32,0,0,3,45.8,12,7,4,31
177,2012020208,2013-02-16T20:00:00Z,home,OTL,5,8,30,0,0,3,46.2,7,7,7,23,6,6,36,25,1,4,53.8,7,5,6,37
178,2012020223,2013-02-19T00:30:00Z,home,L,0,18,37,0,0,3,56.6,8,6,3,22,3,20,33,50,1,2,43.4,7,5,3,32
179,2012020238,2013-02-22T00:00:00Z,away,W,5,9,26,33.3,1,3,49.2,23,5,7,24,2,11,34,0,0,2,50.8,12,6,12,32
180,2012020247,2013-02-23T00:00:00Z,away,L,1,8,23,0,0,2,50,10,3,1,11,3,4,40,25,1,4,50,11,5,11,20
181,2012020262,2013-02-24T20:00:00Z,home,L,1,2,35,0,0,4,46.4,10,5,7,22,4,18,32,100,1,1,53.6,18,9,2,26
182,2012020280,2013-02-27T00:30:00Z,home,W,6,14,36,57.1,4,7,51.6,15,3,4,21,4,18,34,20,1,5,48.4,16,1,2,29
183,2012020292,2013-03-01T00:30:00Z,home,OTL,3,9,43,25,1,4,56.5,10,10,8,27,3,15,25,100,1,1,43.5,13,3,2,33
184,2012020307,2013-03-03T00:00:00Z,away,L,2,25,24,0,0,0,56.1,15,7,4,17,6,7,34,0,0,4,43.9,15,14,4,27
185,2012020315,2013-03-03T23:00:00Z,home,L,2,4,36,0,0,1,52,11,5,7,26,3,2,24,0,0,2,48,9,4,9,25
186,2012020330,2013-03-06T00:30:00Z,home,W,4,0,26,0,0,2,39.6,6,11,6,27,1,4,31,0,0,0,60.4,9,7,0,37
187,2012020343,2013-03-08T00:00:00Z,away,L,1,17,30,0,0,2,51.8,11,9,6,29,7,4,26,66.7,2,3,48.2,22,7,10,24
188,2012020351,2013-03-09T00:30:00Z,home,OTL,2,7,40,0,0,4,56.1,17,2,4,32,3,13,28,0,0,1,43.9,9,2,3,34
189,2012020367,2013-03-10T22:00:00Z,home,L,2,14,17,0,0,1,41.2,7,5,9,30,5,4,38,33.3,2,6,58.8,10,9,2,25
190,2012020381,2013-03-12T23:30:00Z,home,L,2,4,39,0,0,4,51.4,11,7,5,20,3,8,13,50,1,2,48.6,13,3,4,40
191,2012020391,2013-03-14T23:00:00Z,away,L,1,4,30,0,0,2,32.7,10,5,10,25,4,4,32,0,0,2,67.3,15,4,9,30
192,2012020413,2013-03-16T23:30:00Z,home,L,3,5,30,0,0,1,47.1,17,5,7,26,4,7,25,0,0,0,52.9,17,1,4,40
193,2012020431,2013-03-19T23:00:00Z,away,W,4,25,44,66.7,2,3,49.2,19,13,4,25,1,13,34,25,1,4,50.8,11,10,11,27
194,2012020445,2013-03-21T23:00:00Z,away,W,3,6,24,50,1,2,46.8,24,5,4,12,1,4,45,0,0,3,53.2,6,9,10,19
195,2012020461,2013-03-23T23:00:00Z,away,L,1,17,18,0,0,2,42.6,8,3,4,11,2,4,25,0,0,2,57.4,16,6,8,19
196,2012020465,2013-03-24T21:00:00Z,away,L,0,4,26,0,0,2,51.7,11,11,9,16,3,4,37,50,1,2,48.3,18,10,15,34
197,2012020479,2013-03-26T23:00:00Z,away,L,2,6,42,0,0,1,61.4,15,8,16,30,3,2,31,33.3,1,3,38.6,20,9,17,30
198,2012020496,2013-03-28T23:30:00Z,home,W,4,10,40,40,2,5,56.5,6,7,3,15,4,12,40,25,1,4,43.5,8,7,1,27
199,2012020514,2013-03-30T23:30:00Z,home,W,3,10,30,33.3,1,3,43.3,6,8,3,24,2,8,26,25,1,4,56.7,15,3,1,28
200,2012020535,2013-04-02T23:30:00Z,away,W,2,11,25,66.7,2,3,50.8,14,9,3,26,2,11,41,0,0,3,49.2,12,7,9,13
201,2012020566,2013-04-06T23:30:00Z,home,L,3,26,30,50,1,2,47.3,15,5,3,43,4,9,31,60,3,5,52.7,12,3,1,24
202,2012020571,2013-04-07T22:00:00Z,home,W,2,15,17,100,1,1,48.1,19,6,4,34,1,7,41,0,0,5,51.9,7,3,5,27
203,2012020602,2013-04-12T00:00:00Z,away,L,2,18,27,0,0,2,44.7,16,5,10,27,7,4,35,20,1,5,55.3,10,10,18,39
204,2012020616,2013-04-13T23:30:00Z,home,L,1,6,26,0,0,4,40.4,8,6,2,25,3,8,22,33.3,1,3,59.6,15,4,0,40
205,2012020632,2013-04-16T23:00:00Z,away,L,2,8,28,20,1,5,54,9,13,5,22,5,12,31,66.7,2,3,46,21,10,13,15
206,2012020645,2013-04-18T23:00:00Z,away,L,1,13,35,0,0,1,52.9,8,6,12,23,6,7,30,50,2,4,47.1,12,6,9,27
207,2012020660,2013-04-20T17:00:00Z,away,L,2,6,13,50,1,2,53.1,8,2,5,7,6,4,33,33.3,1,3,46.9,7,1,5,10
208,2012020668,2013-04-21T16:30:00Z,away,L,0,4,28,0,0,2,43.8,12,3,13,20,3,4,39,0,0,2,56.2,11,8,20,33
209,2012020685,2013-04-23T23:30:00Z,home,W,3,11,16,50,1,2,46.4,17,8,5,33,2,9,38,0,0,3,53.6,15,4,3,36
210,2012020698,2013-04-25T23:30:00Z,home,L,0,16,34,0,0,3,48.1,6,7,5,31,4,30,17,0,0,1,51.9,20,6,0,45
211,2012020712,2013-04-27T23:00:00Z,away,W,5,11,32,0,0,1,46,12,9,5,15,3,9,31,0,0,2,54,11,10,16,11
212,2013020012,2013-10-04T00:30:00Z,away,W,4,26,39,0,0,4,46.5,24,3,5,12,2,38,27,0,0,3,53.5,10,8,8,26
213,2013020027,2013-10-06T00:00:00Z,away,L,0,47,19,0,0,7,42.1,6,4,2,12,7,53,34,25,1,4,57.9,12,10,4,23
214,2013020039,2013-10-08T23:00:00Z,away,L,1,27,34,0,0,5,49,16,5,6,12,2,24,30,0,0,5,51,20,8,9,28
215,2013020052,2013-10-10T23:30:00Z,away,L,2,17,21,20,1,5,37.3,16,7,3,15,7,17,28,40,2,5,62.7,9,13,8,27
216,2013020060,2013-10-11T23:30:00Z,home,W,6,8,30,50,2,4,36.2,15,11,7,27,3,10,39,0,0,3,63.8,10,3,2,23
217,2013020076,2013-10-13T19:00:00Z,home,L,0,2,20,0,0,2,42.2,15,4,6,24,3,4,29,0,0,1,57.8,5,6,1,33
218,2013020090,2013-10-16T00:00:00Z,away,L,3,4,25,0,0,1,47.5,11,3,8,15,4,2,30,50,1,2,52.5,12,12,7,19
219,2013020103,2013-10-17T23:30:00Z,home,L,2,6,29,0,0,1,45.6,14,12,7,27,3,2,40,33.3,1,3,54.4,3,6,3,31
220,2013020115,2013-10-19T23:00:00Z,home,W,1,10,22,20,1,5,53.6,14,7,3,28,1,10,31,20,1,5,46.4,3,1,4,22
221,2013020133,2013-10-22T23:30:00Z,home,OTL,2,4,22,0,0,1,44.3,27,13,11,34,2,2,29,50,1,2,55.7,13,2,4,19
222,2013020152,2013-10-25T23:30:00Z,home,L,1,12,45,0,0,2,52.6,9,5,8,17,3,14,21,0,0,1,47.4,17,6,1,45
223,2013020167,2013-10-27T21:00:00Z,home,OTL,3,8,32,0,0,4,50,10,7,6,23,3,30,28,33.3,1,3,50,15,7,2,25
224,2013020195,2013-11-01T23:30:00Z,home,L,0,8,31,0,0,2,51.9,11,6,2,18,4,4,23,25,1,4,48.1,16,5,3,25
225,2013020206,2013-11-02T23:00:00Z,away,OTL,2,25,33,16.7,1,6,47,11,6,4,14,2,21,23,0,0,3,53,23,16,10,22
226,2013020221,2013-11-06T00:30:00Z,home,OTL,3,8,23,0,0,1,54.5,12,7,6,42,4,4,27,33.3,1,3,45.5,12,7,1,41
227,2013020230,2013-11-08T00:00:00Z,away,L,1,12,24,0,0,4,42.9,12,8,9,16,4,18,30,0,0,1,57.1,20,9,8,24
228,2013020246,2013-11-09T19:00:00Z,away,L,2,18,28,0,0,5,48.3,11,7,6,28,3,22,32,33.3,1,3,51.7,13,4,9,39
229,2013020257,2013-11-11T00:00:00Z,away,L,3,8,27,33.3,1,3,42.1,15,2,10,12,4,8,29,33.3,1,3,57.9,13,7,5,20
230,2013020271,2013-11-13T00:30:00Z,home,W,3,6,25,0,0,4,62.9,10,7,2,24,2,8,34,0,0,3,37.1,17,4,4,27
231,2013020291,2013-11-16T01:00:00Z,away,L,2,6,24,0,0,3,48.1,8,7,2,14,3,6,20,33.3,1,3,51.9,12,7,6,13
232,2013020301,2013-11-17T02:00:00Z,away,W,4,2,33,20,1,5,48.1,10,8,0,16,1,10,33,0,0,1,51.9,13,7,3,37
233,2013020320,2013-11-20T03:00:00Z,away,W,2,4,36,33.3,1,3,53.6,12,6,3,19,2,6,29,0,0,2,46.4,12,10,3,19
234,2013020333,2013-11-22T02:30:00Z,away,L,1,15,25,0,0,5,46.2,8,2,5,16,4,15,35,40,2,5,53.8,16,9,14,21
235,2013020338,2013-11-23T02:00:00Z,away,OTL,3,9,26,0,0,4,58.6,10,3,18,22,3,13,24,50,1,2,41.4,26,10,21,25
236,2013020359,2013-11-26T00:30:00Z,home,W,3,23,31,50,1,2,50.8,17,8,2,21,1,9,39,25,1,4,49.2,11,6,3,25
237,2013020372,2013-11-28T00:30:00Z,home,L,2,6,33,0,0,2,60.7,8,9,7,24,5,4,22,66.7,2,3,39.3,12,6,4,22
238,2013020395,2013-12-01T00:00:00Z,home,L,1,2,40,25,1,4,45.9,13,5,5,42,5,8,22,100,1,1,54.1,17,5,2,26
239,2013020414,2013-12-04T00:30:00Z,home,L,2,16,32,66.7,2,3,38,16,5,2,17,4,8,45,14.3,1,7,62,11,7,3,26
240,2013020427,2013-12-06T00:30:00Z,home,W,5,2,26,0,0,2,50.8,11,8,5,19,2,4,31,0,0,1,49.2,15,6,1,46
241,2013020441,2013-12-08T00:00:00Z,away,W,2,6,37,0,0,2,39.6,7,5,4,16,1,4,23,0,0,3,60.4,12,10,17,18
242,2013020452,2013-12-09T00:00:00Z,away,L,2,15,35,0,0,5,47.8,9,4,3,23,6,17,32,75,3,4,52.2,23,8,6,9
243,2013020462,2013-12-11T00:30:00Z,home,W,2,8,27,0,0,3,51.6,18,9,3,28,2,6,26,25,1,4,48.4,13,2,4,17
244,2013020485,2013-12-14T00:30:00Z,home,W,2,17,41,0,0,2,49.1,11,7,3,20,2,21,25,33.3,1,3,50.9,11,3,3,24
245,2013020501,2013-12-15T23:00:00Z,away,W,2,8,25,0,0,2,49.2,22,1,10,19,1,4,18,25,1,4,50.8,19,1,9,26
246,2013020511,2013-12-18T00:00:00Z,away,W,3,4,23,0,0,2,59.6,17,8,19,29,1,4,29,0,0,2,40.4,12,7,17,41
247,2013020527,2013-12-20T00:30:00Z,away,W,4,8,35,33.3,1,3,45.1,10,12,11,28,2,8,34,33.3,1,3,54.9,17,7,13,33
248,2013020538,2013-12-21T01:00:00Z,away,L,2,19,23,0,0,4,40.6,8,6,9,23,5,19,32,50,2,4,59.4,14,5,14,31
249,2013020559,2013-12-24T00:30:00Z,home,L,1,8,29,33.3,1,3,54.2,12,10,6,26,6,6,36,25,1,4,45.8,5,7,5,18
250,2013020579,2013-12-29T00:00:00Z,home,L,3,10,33,16.7,1,6,51.5,12,6,6,37,4,12,31,40,2,5,48.5,22,5,1,18
251,2013020586,2013-12-29T22:00:00Z,home,W,4,8,25,0,0,3,40,9,3,7,31,1,8,22,0,0,3,60,14,5,6,32
252,2013020600,2013-12-31T22:00:00Z,home,OTL,1,6,22,0,0,4,50.9,13,11,2,22,1,8,31,0,0,3,49.1,9,3,4,26
253,2013020631,2014-01-05T00:00:00Z,home,W,4,4,29,0,0,2,43.6,5,10,3,26,4,4,42,0,0,2,56.4,8,11,2,36
254,2013020645,2014-01-07T00:30:00Z,away,L,1,6,27,0,0,2,59.4,12,2,10,17,2,6,35,0,0,2,40.6,26,6,12,20
255,2013020660,2014-01-10T00:00:00Z,away,W,1,4,35,0,0,4,53.8,10,4,8,23,1,8,24,0,0,2,46.2,14,7,3,25
256,2013020677,2014-01-12T00:00:00Z,away,OTL,1,4,30,0,0,2,38.9,9,3,1,11,2,4,36,0,0,2,61.1,8,1,5,15
257,2013020701,2014-01-15T00:30:00Z,home,W,4,6,26,0,0,5,50,13,9,6,18,2,10,33,0,0,3,50,11,4,4,37
258,2013020714,2014-01-17T00:30:00Z,home,L,0,8,24,0,0,3,55.1,6,7,5,40,3,6,39,0,0,4,44.9,14,5,3,19
259,2013020730,2014-01-19T00:00:00Z,away,L,2,4,39,0,0,5,40.5,19,5,11,11,3,10,39,0,0,2,59.5,12,17,13,23
260,2013020741,2014-01-21T00:00:00Z,away,W,5,12,28,0,0,3,48.4,12,3,5,15,1,12,36,0,0,3,51.6,14,1,8,28
261,2013020746,2014-01-22T00:00:00Z,away,W,4,14,22,0,0,1,52.6,10,4,4,20,3,4,35,28.6,2,7,47.4,15,2,5,20
262,2013020772,2014-01-25T00:30:00Z,home,L,2,4,36,0,0,2,55.8,5,7,3,17,3,4,25,0,0,2,44.2,9,6,4,24
263,2013020785,2014-01-26T22:00:00Z,away,W,4,8,37,0,0,4,47.1,16,6,9,11,4,8,30,25,1,4,52.9,5,10,10,26
264,2013020795,2014-01-29T00:00:00Z,away,L,2,10,30,50,1,2,47.2,12,7,8,20,6,4,41,20,1,5,52.8,9,5,11,16
265,2013020810,2014-01-31T00:00:00Z,away,L,3,8,38,0,0,5,42.9,10,9,9,26,6,12,32,66.7,2,3,57.1,13,13,13,41
266,2013020829,2014-02-02T00:00:00Z,away,L,1,4,36,0,0,3,44.6,10,3,2,20,4,8,30,0,0,1,55.4,16,4,0,27
267,2013020848,2014-02-05T00:30:00Z,home,W,4,5,48,50,1,2,49.2,14,11,3,20,1,9,21,0,0,0,50.8,11,7,1,37
268,2013020863,2014-02-07T00:30:00Z,home,L,1,14,24,0,0,3,45.3,9,11,2,27,3,6,33,14.3,1,7,54.7,8,6,1,17
269,2013020869,2014-02-08T00:00:00Z,away,L,1,11,35,0,0,4,42.9,14,11,11,30,5,13,32,33.3,1,3,57.1,24,14,12,23
270,2013020892,2014-02-28T00:30:00Z,home,L,4,4,34,16.7,1,6,45.9,6,9,2,40,5,12,32,100,2,2,54.1,14,0,1,26
271,2013020905,2014-03-01T19:00:00Z,away,L,3,13,20,0,0,4,46.5,9,3,5,26,6,13,37,75,3,4,53.5,17,5,5,37
272,2013020914,2014-03-02T20:00:00Z,away,W,5,29,34,25,1,4,59.4,14,5,9,14,3,25,38,16.7,1,6,40.6,12,6,10,15
273,2013020924,2014-03-05T00:00:00Z,away,L,1,14,24,0,0,3,44.6,12,4,6,23,4,16,39,0,0,2,55.4,13,6,8,22
274,2013020950,2014-03-08T00:30:00Z,home,W,2,4,44,25,2,8,54.7,13,3,3,17,0,27,25,0,0,2,45.3,12,3,0,28
275,2013020963,2014-03-09T21:00:00Z,home,L,2,8,22,0,0,4,48.6,15,7,1,26,5,8,42,50,2,4,51.4,16,6,2,18
276,2013020980,2014-03-11T23:30:00Z,home,L,1,6,32,20,1,5,54.7,5,2,2,33,3,10,26,33.3,1,3,45.3,11,8,2,20
277,2013020992,2014-03-13T23:30:00Z,away,L,4,8,27,50,1,2,41.3,14,7,2,14,5,4,28,25,1,4,58.7,8,6,13,18
278,2013020999,2014-03-14T23:30:00Z,home,W,5,4,22,0,0,3,49.2,20,10,2,35,3,18,31,100,1,1,50.8,7,4,4,23
279,2013021013,2014-03-16T19:00:00Z,home,OTL,3,15,29,50,2,4,51.5,11,9,1,38,3,13,32,20,1,5,48.5,14,5,4,29
280,2013021037,2014-03-19T02:30:00Z,away,W,3,12,24,0,0,2,42.5,24,8,14,21,2,4,54,16.7,1,6,57.5,9,14,20,7
281,2013021048,2014-03-21T02:00:00Z,away,L,1,7,23,0,0,3,30.6,14,6,8,36,2,11,22,100,1,1,69.4,12,9,5,43
282,2013021059,2014-03-22T20:00:00Z,away,L,0,6,24,0,0,2,39.3,13,4,14,19,4,4,29,33.3,1,3,60.7,7,6,11,34
283,2013021072,2014-03-24T00:00:00Z,away,L,2,6,30,0,0,1,43.5,9,1,5,24,6,2,40,33.3,1,3,56.5,9,4,13,15
284,2013021084,2014-03-25T23:30:00Z,home,W,2,9,41,0,0,2,41,9,8,1,20,2,9,39,50,1,2,59,10,3,2,33
285,2013021097,2014-03-27T23:30:00Z,home,L,0,4,35,0,0,3,49.1,10,4,5,17,3,19,32,0,0,1,50.9,7,2,0,19
286,2013021112,2014-03-29T23:00:00Z,home,L,1,17,37,0,0,4,52.9,5,4,4,29,4,15,19,0,0,5,47.1,12,3,3,21
287,2013021126,2014-03-31T23:30:00Z,away,L,3,8,22,0,0,5,52.7,5,6,10,28,6,10,32,25,1,4,47.3,14,9,6,14
288,2013021131,2014-04-01T23:00:00Z,away,L,2,30,22,33.3,1,3,50,20,10,11,17,4,18,40,25,1,4,50,19,7,15,31
289,2013021156,2014-04-04T23:30:00Z,home,L,1,8,35,50,1,2,49,10,6,2,23,2,4,17,0,0,4,51,20,3,1,11
290,2013021171,2014-04-06T21:00:00Z,home,W,3,12,24,0,0,1,55.2,9,9,3,31,2,2,37,16.7,1,6,44.8,13,4,2,13
291,2013021185,2014-04-08T23:30:00Z,home,L,2,6,40,0,0,1,51.5,11,7,8,27,5,2,27,0,0,3,48.5,12,5,4,22
292,2013021199,2014-04-10T23:30:00Z,home,W,4,11,37,0,0,3,56.2,7,6,8,19,2,23,29,0,0,2,43.8,11,1,3,31
293,2013021216,2014-04-12T23:00:00Z,home,L,2,23,35,0,0,4,51.9,11,6,4,19,3,8,38,40,2,5,48.1,8,8,2,31
294,2014020010,2014-10-09T23:30:00Z,away,OTL,2,20,21,0,0,2,46.3,13,10,5,21,3,10,32,42.9,3,7,53.7,10,9,8,28
295,2014020022,2014-10-11T23:00:00Z,home,L,1,17,29,12.5,1,8,51.9,5,4,3,27,5,23,24,40,2,5,48.1,10,0,3,25
296,2014020037,2014-10-13T23:30:00Z,home,L,0,12,30,0,0,3,47.1,9,8,6,42,1,8,23,20,1,5,52.9,13,11,4,35
297,2014020056,2014-10-17T23:00:00Z,away,W,1,12,35,0,0,5,52.6,10,7,10,19,0,12,26,0,0,5,47.4,17,6,9,27
298,2014020069,2014-10-18T23:00:00Z,away,OTL,1,4,21,20,1,5,34.9,17,6,10,30,1,10,28,0,0,2,65.1,14,4,12,31
299,2014020087,2014-10-22T01:00:00Z,away,W,4,15,36,50,1,2,50,9,11,2,14,3,9,33,40,2,5,50,11,9,6,28
300,2014020115,2014-10-26T01:00:00Z,away,OTL,1,16,24,0,0,2,46,21,6,5,26,2,4,41,25,2,8,54,9,5,5,31
301,2014020143,2014-10-30T23:30:00Z,home,W,2,17,26,33.3,1,3,45,8,6,2,23,1,15,33,25,1,4,55,16,3,1,31
302,2014020156,2014-11-01T23:00:00Z,home,W,2,14,30,25,1,4,55.2,12,3,0,26,1,10,37,0,0,6,44.8,3,1,3,16
303,2014020172,2014-11-05T00:00:00Z,away,OTL,1,0,19,0,0,1,38.5,12,8,7,27,2,2,25,0,0,0,61.5,12,11,9,21
304,2014020188,2014-11-07T00:00:00Z,away,L,1,8,35,25,1,4,52,14,4,4,35,4,12,30,0,0,2,48,18,3,6,35
305,2014020202,2014-11-08T20:00:00Z,home,L,4,6,31,0,0,3,63.3,7,4,3,30,6,6,25,33.3,1,3,36.7,15,2,2,22
306,2014020225,2014-11-12T00:30:00Z,home,W,4,4,30,0,0,2,49.1,17,4,4,30,1,4,26,0,0,2,50.9,6,6,1,33
307,2014020246,2014-11-15T00:30:00Z,home,OTL,3,6,38,16.7,1,6,60,23,4,6,26,3,12,34,0,0,3,40,17,3,2,32
308,2014020264,2014-11-17T01:00:00Z,away,W,6,4,29,100,1,1,41.7,21,6,9,18,2,2,35,0,0,2,58.3,7,5,15,21
309,2014020277,2014-11-19T03:30:00Z,away,L,2,14,32,25,1,4,52.2,11,4,7,20,5,10,27,50,3,6,47.8,12,5,23,32
310,2014020290,2014-11-21T03:30:00Z,away,W,2,6,28,20,1,5,41.9,26,7,13,20,2,10,30,33.3,1,3,58.1,20,9,19,27
311,2014020302,2014-11-23T01:00:00Z,away,OTL,2,8,30,0,0,2,42.6,11,13,6,14,2,4,50,0,0,4,57.4,10,10,8,9
312,2014020315,2014-11-25T00:30:00Z,home,L,1,8,30,0,0,3,60.7,8,6,4,35,4,8,39,0,0,3,39.3,10,4,2,25
313,2014020327,2014-11-27T00:30:00Z,home,W,1,6,28,0,0,1,57.6,10,5,6,30,0,2,33,0,0,3,42.4,14,2,3,29
314,2014020341,2014-11-29T00:30:00Z,home,W,3,11,46,0,0,2,54.7,9,5,4,38,2,11,24,0,0,2,45.3,15,4,5,37
315,2014020358,2014-12-02T00:00:00Z,away,L,1,4,25,33.3,1,3,44.6,6,6,5,25,2,6,23,0,0,2,55.4,20,7,4,39
316,2014020368,2014-12-03T00:30:00Z,away,W,4,8,31,0,0,1,42.9,14,3,4,21,3,2,41,25,1,4,57.1,8,3,12,13
317,2014020382,2014-12-05T00:30:00Z,home,OTL,3,9,55,20,1,5,62.7,8,7,5,29,3,17,20,0,0,1,37.3,27,6,2,40
318,2014020395,2014-12-07T00:00:00Z,home,W,3,9,37,0,0,1,48.1,8,1,2,44,2,7,28,0,0,2,51.9,13,4,5,40
319,2014020408,2014-12-09T01:00:00Z,away,L,2,8,34,0,0,3,47.5,10,6,5,32,4,6,28,0,0,4,52.5,9,8,10,13
320,2014020433,2014-12-13T00:30:00Z,away,W,2,8,26,0,0,5,33.9,13,2,2,11,2,10,31,50,2,4,66.1,6,5,7,20
321,2014020437,2014-12-14T00:00:00Z,away,OTL,3,4,28,0,0,1,47.1,10,5,3,16,4,2,32,0,0,2,52.9,13,0,9,14
322,2014020457,2014-12-17T00:30:00Z,home,W,1,4,29,0,0,2,53.8,15,4,8,50,1,4,24,50,1,2,46.2,9,2,5,48
323,2014020467,2014-12-19T00:00:00Z,away,W,1,4,32,0,0,2,49.3,15,3,2,23,1,6,26,0,0,1,50.7,18,6,3,23
324,2014020485,2014-12-21T00:00:00Z,away,L,1,32,46,16.7,1,6,48.1,10,2,2,24,3,44,34,0,0,6,51.9,19,4,6,31
325,2014020499,2014-12-23T00:30:00Z,home,W,3,8,37,0,0,3,43.7,13,8,3,46,3,6,27,25,1,4,56.3,13,5,3,42
326,2014020527,2014-12-28T22:00:00Z,home,W,6,8,34,33.3,1,3,67.2,10,6,1,26,4,6,22,25,1,4,32.8,5,1,4,33
327,2014020541,2014-12-31T00:30:00Z,home,OTL,1,4,37,0,0,3,55.7,9,8,3,32,1,6,34,0,0,2,44.3,15,4,3,21
328,2014020551,2014-12-31T23:00:00Z,home,L,2,6,20,33.3,1,3,56.4,7,7,6,30,5,8,34,50,1,2,43.6,16,3,1,25
329,2014020558,2015-01-03T00:00:00Z,away,W,2,2,33,100,1,1,43.1,13,3,4,22,0,2,30,0,0,1,56.9,9,4,6,31
330,2014020577,2015-01-04T20:00:00Z,away,L,3,6,32,0,0,5,40.3,19,8,10,23,4,12,26,50,1,2,59.7,16,8,10,29
331,2014020606,2015-01-09T03:00:00Z,away,W,3,18,31,0,0,2,54,14,7,12,14,1,10,33,0,0,6,46,9,3,9,10
332,2014020611,2015-01-10T02:00:00Z,away,W,6,14,35,0,0,1,47.9,20,10,12,15,5,6,30,20,1,5,52.1,15,9,26,25
333,2014020624,2015-01-12T00:00:00Z,away,W,4,9,27,0,0,2,43.6,12,7,13,17,2,9,33,0,0,2,56.4,6,15,16,24
334,2014020637,2015-01-14T01:00:00Z,away,L,2,6,27,0,0,3,38,15,4,14,17,8,6,35,66.7,2,3,62,10,9,15,26
335,2014020649,2015-01-16T00:30:00Z,home,L,2,10,32,33.3,1,3,50,6,3,4,25,4,6,29,20,1,5,50,17,1,1,36
336,2014020666,2015-01-18T00:00:00Z,home,OTL,2,8,37,0,0,3,49.2,11,9,2,32,2,6,34,0,0,4,50.8,10,2,4,29
337,2014020678,2015-01-20T00:30:00Z,home,L,1,10,24,0,0,4,61.9,10,4,5,30,2,12,23,0,0,3,38.1,11,2,4,18
338,2014020703,2015-01-28T00:30:00Z,home,L,4,2,41,60,3,5,43.4,12,5,3,28,5,10,27,0,0,1,56.6,11,2,6,16
339,2014020717,2015-01-30T00:30:00Z,home,W,3,16,31,0,0,3,52.2,7,3,3,31,2,8,33,0,0,2,47.8,8,4,5,33
340,2014020731,2015-02-01T00:00:00Z,away,L,1,8,27,0,0,2,40,10,6,5,26,3,6,14,33.3,1,3,60,14,4,6,23
341,2014020742,2015-02-03T00:00:00Z,away,L,3,8,36,50,1,2,52.5,9,3,4,23,6,6,38,33.3,1,3,47.5,16,6,8,18
342,2014020746,2015-02-04T00:00:00Z,away,W,4,6,30,50,1,2,45,20,14,12,23,2,4,34,33.3,1,3,55,16,18,17,35
343,2014020762,2015-02-06T00:30:00Z,home,W,3,4,20,0,0,1,34.4,14,6,5,35,2,2,31,50,1,2,65.6,5,1,2,47
344,2014020785,2015-02-08T20:00:00Z,home,OTL,2,8,36,0,0,3,50.8,10,4,3,27,2,6,25,50,2,4,49.2,20,3,0,33
345,2014020802,2015-02-11T00:30:00Z,home,W,6,11,26,37.5,3,8,38.1,17,6,5,22,2,31,33,33.3,1,3,61.9,5,3,4,39
346,2014020815,2015-02-13T01:00:00Z,away,L,1,6,27,0,0,5,48.6,7,3,4,19,2,10,23,50,1,2,51.4,19,9,11,15
347,2014020820,2015-02-14T01:30:00Z,away,L,0,23,37,0,0,2,50,11,6,8,20,2,8,28,0,0,3,50,14,10,8,13
348,2014020834,2015-02-15T22:00:00Z,home,OTL,1,9,41,0,0,2,51.5,9,4,8,31,1,13,33,0,0,0,48.5,12,6,1,23
349,2014020850,2015-02-18T00:30:00Z,away,W,3,9,17,40,2,5,55.1,12,7,14,39,2,15,29,100,2,2,44.9,12,4,18,39
350,2014020864,2015-02-20T00:30:00Z,away,W,2,7,21,0,0,1,38.5,11,7,10,42,2,7,39,0,0,1,61.5,13,7,11,31
351,2014020877,2015-02-22T00:00:00Z,away,L,1,13,22,0,0,2,54,8,8,7,30,4,9,39,0,0,4,46,5,15,7,37
352,2014020888,2015-02-22T23:00:00Z,away,L,1,6,35,0,0,3,46.3,17,4,2,22,5,6,26,33.3,1,3,53.7,12,7,7,25
353,2014020903,2015-02-25T01:30:00Z,away,OTL,2,10,36,0,0,3,60.3,16,4,1,34,2,10,38,33.3,1,3,39.7,14,8,4,18
354,2014020912,2015-02-27T00:30:00Z,home,L,0,10,20,0,0,1,36.4,14,3,0,50,3,4,29,0,0,4,63.6,15,5,3,23
355,2014020923,2015-02-28T20:00:00Z,home,W,5,8,47,33.3,2,6,52.4,9,1,3,26,3,14,14,0,0,3,47.6,17,2,1,28
356,2014020934,2015-03-01T22:00:00Z,home,W,4,10,26,20,1,5,51.7,6,5,5,31,3,14,23,0,0,2,48.3,15,5,6,30
357,2014020946,2015-03-04T00:30:00Z,home,L,2,4,42,33.3,1,3,55.1,11,5,4,23,3,6,34,50,1,2,44.9,9,6,1,32
358,2014020960,2015-03-06T00:30:00Z,home,OTL,3,9,24,0,0,2,41.4,20,12,5,36,3,9,32,0,0,2,58.6,7,6,5,41
359,2014020973,2015-03-08T00:00:00Z,home,W,3,10,18,0,0,1,48.4,15,16,8,42,3,6,28,33.3,1,3,51.6,12,9,1,40
360,2014021007,2015-03-12T23:30:00Z,home,W,4,4,20,33.3,1,3,53.8,12,6,6,32,2,6,20,0,0,2,46.2,6,2,2,32
361,2014021024,2015-03-14T23:00:00Z,away,W,2,8,22,33.3,1,3,42,15,10,16,29,0,10,27,0,0,2,58,14,11,20,26
362,2014021030,2015-03-15T21:00:00Z,away,L,1,4,39,0,0,3,58.1,8,12,9,17,2,6,34,0,0,2,41.9,36,10,9,21
363,2014021044,2015-03-17T23:30:00Z,home,L,2,10,43,0,0,4,57.1,5,7,1,35,3,10,25,0,0,3,42.9,15,3,3,22
364,2014021056,2015-03-19T23:30:00Z,home,W,3,4,32,0,0,3,49.2,7,6,4,34,1,6,27,0,0,2,50.8,4,3,5,21
365,2014021071,2015-03-21T23:00:00Z,home,W,1,6,25,0,0,3,36.9,9,10,4,49,1,6,27,33.3,1,3,63.1,11,1,0,33
366,2014021095,2015-03-24T23:30:00Z,away,L,3,0,36,0,0,2,43.4,10,4,8,24,4,4,25,0,0,0,56.6,12,9,8,19
367,2014021106,2015-03-26T23:30:00Z,away,W,4,10,28,0,0,1,34.4,13,8,10,21,1,16,25,0,0,3,65.6,13,10,8,37
368,2014021122,2015-03-28T23:00:00Z,away,OTL,2,10,23,100,1,1,51.5,21,2,9,38,3,4,25,50,2,4,48.5,20,3,18,25
369,2014021129,2015-03-29T21:00:00Z,away,W,4,14,37,40,2,5,50,27,9,9,26,2,14,27,20,1,5,50,15,12,11,38
370,2014021142,2015-03-31T23:00:00Z,away,L,2,8,24,33.3,1,3,37.3,16,8,5,32,3,6,29,0,0,4,62.7,13,2,8,23
371,2014021157,2015-04-02T23:30:00Z,home,W,6,4,35,0,0,1,48.4,9,7,4,22,1,2,32,50,1,2,51.6,11,3,5,24
372,2014021172,2015-04-04T23:00:00Z,home,L,0,2,34,0,0,4,45.1,9,4,6,32,4,8,22,100,1,1,54.9,12,4,2,23
373,2014021181,2015-04-05T21:00:00Z,home,L,1,14,25,25,1,4,50.7,11,1,6,27,4,8,28,14.3,1,7,49.3,19,2,0,25
374,2014021207,2015-04-09T23:30:00Z,home,W,4,17,30,33.3,1,3,50,13,4,8,24,2,17,36,33.3,1,3,50,16,6,4,29
375,2014021222,2015-04-11T23:00:00Z,home,W,3,14,27,33.3,1,3,57.4,10,3,5,11,2,29,33,0,0,1,42.6,17,3,2,26
376,2015020020,2015-10-10T23:00:00Z,home,W,7,17,30,42.9,3,7,51.4,10,4,2,31,1,23,39,25,1,4,48.6,10,5,1,38
377,2015020035,2015-10-12T23:00:00Z,away,L,0,12,31,0,0,6,50,14,3,3,22,1,18,33,0,0,3,50,17,7,14,31
378,2015020041,2015-10-13T23:00:00Z,away,W,4,8,30,0,0,3,55.8,18,11,6,23,1,6,23,0,0,4,44.2,6,10,18,16
379,2015020055,2015-10-15T23:30:00Z,home,W,3,12,29,40,2,5,57.4,9,4,4,31,2,10,26,16.7,1,6,42.6,5,4,1,29
380,2015020068,2015-10-17T23:00:00Z,home,L,2,6,26,0,0,1,49.1,13,2,5,36,4,4,37,50,1,2,50.9,10,1,6,23
381,2015020083,2015-10-20T23:00:00Z,away,OTL,2,6,33,0,0,2,45.9,14,0,6,31,3,4,35,66.7,2,3,54.1,11,5,8,31
382,2015020097,2015-10-23T00:30:00Z,away,L,2,16,19,25,1,4,50.6,15,5,8,30,3,8,27,25,2,8,49.4,8,4,7,15
383,2015020113,2015-10-25T00:00:00Z,away,W,6,15,30,0,0,2,50,22,7,9,19,2,11,35,25,1,4,50,14,6,20,24
384,2015020128,2015-10-27T23:30:00Z,home,W,4,10,28,100,3,3,48.4,13,8,6,25,1,6,32,0,0,5,51.6,9,4,1,30
385,2015020150,2015-10-30T23:30:00Z,home,L,1,6,32,16.7,1,6,46,6,6,5,34,3,25,30,66.7,2,3,54,17,8,2,41
386,2015020160,2015-10-31T23:00:00Z,home,OTL,1,4,27,0,0,3,45.5,12,6,5,34,2,6,27,0,0,2,54.5,6,5,1,35
387,2015020184,2015-11-05T03:30:00Z,away,OTL,2,10,25,0,0,3,45.1,19,8,8,27,2,6,39,20,1,5,54.9,16,5,9,29
388,2015020193,2015-11-06T03:30:00Z,away,L,2,9,33,33.3,1,3,49.1,13,11,13,25,5,11,32,0,0,2,50.9,18,9,11,17
389,2015020201,2015-11-07T21:00:00Z,away,L,1,2,19,0,0,3,41.2,9,4,6,39,4,6,35,100,1,1,58.8,10,3,10,36
390,2015020222,2015-11-11T00:30:00Z,home,W,4,7,31,50,1,2,41.1,12,2,3,31,3,9,28,100,1,1,58.9,16,4,2,24
391,2015020236,2015-11-13T00:30:00Z,home,L,2,2,38,33.3,1,3,60.7,8,5,4,35,3,6,19,100,1,1,39.3,16,2,0,33
392,2015020251,2015-11-15T00:00:00Z,away,W,4,18,23,25,1,4,52.6,8,6,12,32,4,22,28,0,0,2,47.4,16,4,6,23
393,2015020265,2015-11-17T00:30:00Z,home,W,1,8,20,0,0,3,45.6,10,9,9,25,0,8,39,0,0,3,54.4,11,2,3,27
394,2015020285,2015-11-20T00:30:00Z,home,L,1,11,25,0,0,3,50,8,3,9,22,3,11,41,33.3,1,3,50,9,9,6,39
395,2015020296,2015-11-22T00:00:00Z,home,OTL,4,6,43,33.3,2,6,57,8,4,11,22,5,14,31,50,1,2,43,12,6,3,28
396,2015020313,2015-11-24T00:30:00Z,home,L,1,8,34,20,1,5,55.7,9,4,5,29,3,10,32,0,0,4,44.3,7,7,2,37
397,2015020339,2015-11-28T00:30:00Z,home,W,2,6,27,0,0,1,48,13,4,3,24,2,6,25,0,0,1,52,8,0,3,34
398,2015020354,2015-11-29T19:00:00Z,away,W,2,14,32,0,0,5,53.8,10,2,5,17,1,16,29,0,0,4,46.2,15,2,9,21
399,2015020363,2015-12-02T01:00:00Z,away,W,3,6,23,0,0,1,40.3,16,6,3,19,1,2,30,0,0,3,59.7,8,7,10,13
400,2015020378,2015-12-04T01:00:00Z,away,W,2,6,16,100,1,1,40.7,21,8,7,24,1,4,33,0,0,2,59.3,6,10,9,14
401,2015020383,2015-12-05T00:00:00Z,away,W,1,8,32,0,0,2,37.5,14,4,3,15,1,4,23,0,0,4,62.5,14,8,10,34
402,2015020400,2015-12-07T00:00:00Z,away,L,2,10,36,0,0,2,70,6,8,7,23,4,10,18,0,0,2,30,11,5,6,28
403,2015020412,2015-12-09T00:30:00Z,home,L,2,20,27,0,0,4,46.3,8,5,4,29,4,8,23,40,2,5,53.7,12,7,4,30
404,2015020423,2015-12-11T00:30:00Z,home,W,4,14,26,16.7,1,6,54.1,16,5,4,14,1,25,21,0,0,5,45.9,10,5,2,31
405,2015020435,2015-12-12T18:00:00Z,away,L,1,8,27,0,0,1,43.9,13,4,18,25,3,8,25,100,1,1,56.1,11,4,7,25
406,2015020454,2015-12-16T00:00:00Z,away,W,5,10,17,0,0,3,52.4,10,4,8,19,1,8,34,0,0,4,47.6,7,5,12,23
407,2015020467,2015-12-18T00:00:00Z,away,W,5,6,26,33.3,1,3,47.4,5,5,1,15,1,6,16,33.3,1,3,52.6,2,0,5,20
408,2015020479,2015-12-19T00:00:00Z,away,W,2,4,18,0,0,3,60.3,15,11,3,12,0,6,24,0,0,2,39.7,10,17,10,17
409,2015020493,2015-12-20T21:00:00Z,home,W,4,4,42,50,2,4,51.9,4,5,1,28,4,8,34,0,0,2,48.1,9,3,1,31
410,2015020511,2015-12-23T00:30:00Z,home,W,1,4,40,0,0,5,48.4,4,8,3,31,1,10,16,50,1,2,51.6,14,1,4,34
411,2015020527,2015-12-27T23:00:00Z,home,W,3,15,32,0,0,6,60,7,10,9,33,2,19,17,25,1,4,40,17,5,3,34
412,2015020545,2015-12-30T00:30:00Z,home,W,3,13,30,20,1,5,40.6,2,5,3,32,1,17,30,33.3,1,3,59.4,6,3,6,28
413,2015020572,2016-01-03T00:00:00Z,home,W,3,17,20,25,1,4,33.3,16,7,5,21,0,15,40,0,0,5,66.7,3,6,4,38
414,2015020580,2016-01-03T23:00:00Z,home,W,2,8,29,0,0,5,37.7,7,2,5,33,1,10,40,0,0,4,62.3,8,5,2,26
415,2015020589,2016-01-06T00:00:00Z,away,W,5,12,27,0,0,1,48.4,12,3,7,8,1,4,32,20,1,5,51.6,9,2,7,13
416,2015020602,2016-01-08T00:30:00Z,away,W,3,8,16,0,0,4,35.2,25,12,10,30,2,8,32,0,0,4,64.8,14,8,12,30
417,2015020629,2016-01-11T02:30:00Z,away,W,2,31,14,0,0,0,57.8,23,8,11,37,1,15,25,0,0,3,42.2,12,9,16,29
418,2015020632,2016-01-12T03:00:00Z,away,OTL,2,8,28,0,0,1,60.6,12,2,3,20,3,2,30,25,1,4,39.4,9,6,10,18
419,2015020644,2016-01-14T02:30:00Z,away,L,0,4,15,0,0,2,46.3,11,5,9,8,6,4,36,0,0,2,53.7,16,9,14,14
420,2015020672,2016-01-17T22:00:00Z,away,L,1,9,27,0,0,5,47.2,11,3,6,20,3,15,32,0,0,2,52.8,10,11,6,19
421,2015020677,2016-01-19T00:30:00Z,home,L,2,7,33,0,0,4,47.6,8,2,8,33,4,13,24,0,0,1,52.4,7,10,6,37
422,2015020707,2016-01-23T00:30:00Z,home,W,4,11,32,0,0,3,49,7,7,5,27,0,13,27,0,0,2,51,9,6,8,18
423,2015020714,2016-01-24T00:00:00Z,home,W,5,10,35,25,1,4,52.2,9,3,4,24,2,8,40,20,1,5,47.8,7,3,5,20
424,2015020736,2016-01-27T00:30:00Z,home,W,5,16,27,40,2,5,48.3,12,8,4,22,1,22,23,0,0,2,51.7,5,5,3,36
425,2015020749,2016-02-03T00:30:00Z,away,W,5,16,19,50,2,4,47.8,16,7,5,11,2,8,38,0,0,8,52.2,3,8,18,25
426,2015020764,2016-02-05T00:30:00Z,home,W,6,18,33,50,2,4,59.3,14,8,6,20,3,12,39,28.6,2,7,40.7,8,5,7,21
427,2015020781,2016-02-07T00:00:00Z,home,OTL,2,10,44,20,1,5,49.3,11,8,7,28,3,10,35,20,1,5,50.7,7,1,0,30
428,2015020793,2016-02-09T00:30:00Z,away,L,0,15,23,0,0,5,54.4,6,2,5,19,3,17,31,25,1,4,45.6,8,5,8,18
429,2015020795,2016-02-10T00:00:00Z,away,W,7,37,35,0,0,1,55.2,13,0,5,15,4,31,34,50,2,4,44.8,7,4,5,16
430,2015020823,2016-02-13T00:30:00Z,home,L,3,4,32,0,0,3,44.4,7,8,9,31,5,8,28,100,1,1,55.6,7,3,11,29
431,2015020827,2016-02-14T00:00:00Z,home,L,0,16,22,0,0,4,44.8,13,12,17,24,5,18,28,66.7,2,3,55.2,7,5,9,34
432,2015020842,2016-02-16T00:30:00Z,home,W,1,4,28,0,0,3,53.2,14,12,10,34,1,6,32,0,0,2,46.8,14,10,9,25
433,2015020863,2016-02-19T00:30:00Z,home,OTL,1,8,20,0,0,1,51.8,16,9,20,31,1,2,18,0,0,4,48.2,8,6,8,18
434,2015020877,2016-02-21T00:00:00Z,home,W,3,8,32,25,1,4,71.7,14,8,15,27,1,8,30,25,1,4,28.3,16,6,12,30
435,2015020909,2016-02-26T00:30:00Z,home,W,3,6,25,25,1,4,41.2,12,12,9,18,2,10,24,33.3,1,3,58.8,13,9,11,22
436,2015020923,2016-02-27T20:00:00Z,away,OTL,3,13,31,16.7,1,6,46.3,13,2,5,9,3,17,25,25,1,4,53.7,16,3,5,19
437,2015020932,2016-02-28T20:00:00Z,away,L,1,14,18,33.3,1,3,44.1,8,3,8,26,3,10,27,20,1,5,55.9,13,9,6,14
438,2015020949,2016-03-02T01:00:00Z,away,W,3,8,22,33.3,1,3,60.4,14,3,10,12,2,6,32,0,0,4,39.6,12,6,7,18
439,2015020962,2016-03-04T02:00:00Z,away,L,2,6,40,0,0,3,49,5,7,2,14,3,6,26,33.3,1,3,51,19,8,4,23
440,2015020978,2016-03-06T02:00:00Z,away,L,1,13,33,0,0,5,37.3,8,1,4,24,5,17,26,33.3,1,3,62.7,14,8,1,28
441,2015020988,2016-03-08T00:30:00Z,home,OTL,4,23,51,25,1,4,58.5,10,11,9,19,5,17,32,0,0,2,41.5,16,5,7,22
442,2015021010,2016-03-11T00:30:00Z,home,W,6,6,31,0,0,2,61.4,13,15,10,29,2,6,28,0,0,2,38.6,7,8,9,18
443,2015021023,2016-03-13T00:00:00Z,home,W,4,10,29,33.3,1,3,50.6,14,9,15,16,4,6,26,20,1,5,49.4,7,10,15,19
444,2015021033,2016-03-14T23:00:00Z,away,L,2,21,25,50,1,2,52.8,15,6,8,19,3,11,28,0,0,2,47.2,18,5,19,24
445,2015021043,2016-03-15T23:30:00Z,away,W,4,14,36,25,1,4,60.9,13,1,9,31,1,20,28,0,0,0,39.1,17,2,14,36
446,2015021056,2016-03-17T23:30:00Z,away,W,4,4,32,25,1,4,42.9,23,13,11,9,1,8,33,0,0,2,57.1,14,11,4,20
447,2015021072,2016-03-19T23:00:00Z,home,L,3,13,26,0,0,3,54.5,5,6,14,18,5,13,30,66.7,2,3,45.5,9,5,10,14
448,2015021086,2016-03-21T23:00:00Z,away,L,2,8,27,100,1,1,37.5,11,5,7,19,4,6,32,50,1,2,62.5,15,13,16,17
449,2015021101,2016-03-24T23:00:00Z,away,W,4,8,36,0,0,4,52.6,15,5,1,19,1,8,35,0,0,4,47.4,11,6,15,19
450,2015021122,2016-03-26T23:00:00Z,away,W,5,12,27,25,1,4,52.6,14,5,8,22,2,10,35,40,2,5,47.4,11,4,12,22
451,2015021144,2016-03-29T23:30:00Z,home,L,2,10,34,0,0,3,53.3,7,9,18,14,5,8,29,75,3,4,46.7,4,12,5,10
452,2015021157,2016-03-31T23:30:00Z,home,W,3,12,40,0,0,4,61.8,5,5,12,17,2,8,25,16.7,1,6,38.2,16,5,6,21
453,2015021172,2016-04-02T23:00:00Z,home,W,4,2,39,50,1,2,52.9,7,14,9,20,3,4,28,0,0,1,47.1,8,10,9,20
454,2015021185,2016-04-04T23:30:00Z,away,W,4,4,36,0,0,5,60.5,7,14,6,24,3,10,26,50,1,2,39.5,17,13,5,24
455,2015021192,2016-04-05T23:30:00Z,away,W,4,12,19,40,2,5,54.2,15,6,16,10,1,10,33,16.7,1,6,45.8,8,8,13,18
456,2015021208,2016-04-07T23:30:00Z,away,L,1,6,34,0,0,1,38.3,10,4,8,23,3,4,23,50,1,2,61.7,19,1,4,22
457,2015021221,2016-04-09T23:00:00Z,home,W,5,6,21,0,0,2,38.6,7,8,14,12,2,6,28,50,1,2,61.4,6,8,14,8
458,2016020010,2016-10-13T23:30:00Z,home,W,2,14,34,0,0,3,53.6,4,10,13,20,1,16,24,0,0,2,46.4,16,8,15,18
459,2016020020,2016-10-15T23:00:00Z,home,W,4,6,38,0,0,2,44.9,15,16,15,14,1,6,22,0,0,2,55.1,8,5,6,11
460,2016020042,2016-10-18T23:30:00Z,away,OTL,3,8,31,0,0,3,53.1,7,11,5,19,3,8,28,0,0,3,46.9,7,8,11,15
461,2016020056,2016-10-20T23:30:00Z,home,L,2,2,28,25,1,4,56.4,8,16,5,14,4,8,29,0,0,1,43.6,14,4,2,17
462,2016020068,2016-10-22T23:00:00Z,home,W,5,11,38,16.7,1,6,50.8,4,7,7,16,2,17,28,33.3,1,3,49.2,8,5,12,21
463,2016020086,2016-10-25T23:00:00Z,away,L,2,4,22,25,1,4,52.8,20,5,3,27,3,8,22,50,1,2,47.2,20,5,3,27
464,2016020101,2016-10-27T23:30:00Z,away,L,2,6,31,33.3,1,3,47.4,13,17,12,29,3,8,28,0,0,2,52.6,14,11,9,19
465,2016020113,2016-10-29T17:00:00Z,away,L,0,8,33,0,0,4,44.8,5,2,9,10,3,8,25,50,2,4,55.2,9,3,1,9
466,2016020124,2016-10-30T21:00:00Z,away,W,5,10,24,25,1,4,35.6,12,2,8,26,2,8,36,40,2,5,64.4,5,4,9,17
467,2016020136,2016-11-01T23:30:00Z,home,L,1,20,34,0,0,7,44.9,9,13,9,14,2,26,26,0,0,3,55.1,20,11,4,16
468,2016020152,2016-11-03T23:30:00Z,home,W,4,10,31,66.7,2,3,50,8,11,6,17,3,8,34,25,1,4,50,11,2,7,13
469,2016020168,2016-11-05T23:00:00Z,away,L,2,8,24,50,1,2,44.8,15,10,12,11,4,4,36,0,0,4,55.2,7,9,17,17
470,2016020182,2016-11-08T00:30:00Z,home,W,3,6,32,33.3,1,3,53.3,9,12,9,18,1,8,35,0,0,2,46.7,16,6,5,24
471,2016020202,2016-11-11T00:30:00Z,home,L,2,4,24,0,0,1,43.1,11,4,6,25,4,2,29,0,0,2,56.9,12,6,10,16
472,2016020214,2016-11-13T00:00:00Z,home,W,3,14,43,0,0,5,59,11,5,5,23,2,12,21,16.7,1,6,41,27,6,5,31
473,2016020234,2016-11-16T00:30:00Z,away,W,4,6,24,0,0,3,48.3,17,12,10,25,3,6,37,33.3,1,3,51.7,13,7,13,25
474,2016020247,2016-11-18T00:30:00Z,away,L,1,8,27,0,0,4,50.9,7,4,11,35,6,8,30,0,0,4,49.1,18,9,14,19
475,2016020265,2016-11-20T00:00:00Z,away,W,4,4,23,0,0,0,41,29,7,10,25,1,0,40,0,0,2,59,11,6,11,28
476,2016020272,2016-11-21T00:00:00Z,away,W,2,6,30,25,1,4,51.4,8,7,7,26,2,8,35,0,0,3,48.6,21,14,12,25
477,2016020286,2016-11-23T00:30:00Z,home,L,1,6,39,0,0,4,48.3,4,4,12,19,3,10,28,100,2,2,51.7,12,0,3,17
478,2016020316,2016-11-27T00:00:00Z,home,W,1,4,23,0,0,2,56.5,13,9,10,16,1,4,37,0,0,2,43.5,21,7,7,21
479,2016020324,2016-11-27T23:00:00Z,away,L,2,6,33,25,1,4,53.1,10,9,8,14,3,8,27,33.3,1,3,46.9,21,12,8,23
480,2016020336,2016-11-30T01:30:00Z,away,OTL,1,4,39,33.3,1,3,47.3,14,8,12,36,1,6,33,0,0,2,52.7,18,13,15,20
481,2016020350,2016-12-02T00:30:00Z,away,W,2,8,30,0,0,6,45.3,7,2,6,24,1,12,21,0,0,4,54.7,15,4,10,24
482,2016020363,2016-12-04T00:00:00Z,away,L,0,16,24,0,0,4,51.7,7,8,7,27,2,10,21,0,0,7,48.3,23,7,11,28
483,2016020378,2016-12-06T00:00:00Z,away,OTL,3,6,30,0,0,3,39,13,11,13,31,4,6,36,0,0,3,61,14,7,10,19
484,2016020385,2016-12-07T00:00:00Z,away,OTL,2,10,44,0,0,2,44.8,16,9,13,34,3,6,25,25,1,4,55.2,20,10,12,28
485,2016020400,2016-12-09T00:30:00Z,home,L,1,8,29,33.3,1,3,50,10,8,13,21,5,8,30,0,0,3,50,17,5,4,7
486,2016020416,2016-12-11T00:00:00Z,home,W,4,8,42,0,0,2,49.3,10,6,7,20,2,4,39,25,1,4,50.7,7,9,5,15
487,2016020438,2016-12-14T01:00:00Z,away,L,1,14,30,0,0,5,50,12,3,4,16,5,20,22,0,0,1,50,17,12,1,13
488,2016020451,2016-12-16T01:00:00Z,away,OTL,3,10,44,100,3,3,43.1,9,2,15,9,3,12,32,0,0,2,56.9,9,7,15,14
489,2016020457,2016-12-17T02:00:00Z,away,W,3,14,23,0,0,2,27.1,11,13,1,16,1,6,31,0,0,6,72.9,9,10,3,20
490,2016020487,2016-12-21T00:30:00Z,home,W,3,13,39,25,1,4,53,10,10,8,19,3,15,36,33.3,1,3,47,10,7,7,14
491,2016020501,2016-12-23T00:30:00Z,home,L,1,6,30,0,0,3,43.9,15,8,12,21,3,6,33,33.3,1,3,56.1,13,8,6,12
492,2016020510,2016-12-24T00:30:00Z,home,OTL,3,10,34,16.7,1,6,38.4,12,12,11,17,3,12,39,0,0,5,61.6,12,8,16,17
493,2016020527,2016-12-29T00:00:00Z,home,OTL,2,10,47,0,0,4,61.8,11,11,8,25,2,12,40,33.3,1,3,38.2,11,6,2,15
494,2016020536,2016-12-30T00:30:00Z,home,OTL,2,9,33,33.3,1,3,48.6,11,11,24,20,3,11,41,50,1,2,51.4,13,8,9,8
495,2016020554,2017-01-01T01:00:00Z,away,W,3,8,38,100,2,2,54.8,26,5,8,20,1,4,36,25,1,4,45.2,8,4,9,21
496,2016020572,2017-01-05T00:00:00Z,home,L,1,4,32,0,0,4,56.4,9,5,12,24,4,10,39,0,0,1,43.6,13,9,7,13
497,2016020585,2017-01-07T00:30:00Z,home,W,2,34,34,0,0,4,58.3,7,2,10,16,1,22,29,0,0,5,41.7,6,0,3,19
498,2016020596,2017-01-08T00:00:00Z,home,L,0,14,25,0,0,3,39.1,14,6,8,24,4,8,37,16.7,1,6,60.9,13,3,10,14
499,2016020609,2017-01-10T00:00:00Z,away,W,3,6,29,16.7,1,6,48.9,3,4,4,19,0,13,28,0,0,2,51.1,9,5,5,16
500,2016020620,2017-01-12T00:00:00Z,away,W,2,2,24,0,0,1,42.6,19,11,13,20,1,4,30,0,0,0,57.4,19,2,7,28
501,2016020636,2017-01-14T00:30:00Z,home,L,2,21,29,33.3,1,3,34.4,11,8,7,26,5,15,42,0,0,6,65.6,10,3,7,22
502,2016020645,2017-01-15T00:00:00Z,home,W,4,10,32,0,0,3,58.1,13,9,15,16,3,10,33,33.3,1,3,41.9,10,6,8,9
503,2016020669,2017-01-18T02:00:00Z,away,L,2,8,22,0,0,4,48,16,9,9,14,5,8,29,50,2,4,52,12,12,11,7
504,2016020675,2017-01-19T02:30:00Z,away,OTL,3,4,31,50,1,2,50,15,12,16,25,4,4,31,50,1,2,50,20,15,23,18
505,2016020690,2017-01-21T03:00:00Z,away,L,1,2,35,33.3,1,3,52.5,16,9,3,20,2,6,32,0,0,1,47.5,19,10,4,20
506,2016020713,2017-01-24T02:00:00Z,away,OTL,2,6,25,0,0,2,38.7,13,7,15,13,3,4,42,0,0,3,61.3,19,4,9,26
507,2016020734,2017-01-27T00:30:00Z,home,W,2,15,37,33.3,1,3,50,13,9,13,29,1,13,32,25,1,4,50,7,4,7,16
508,2016020748,2017-02-01T00:30:00Z,home,W,6,16,34,0,0,3,44.8,8,8,4,20,5,14,41,0,0,4,55.2,9,6,7,13
509,2016020768,2017-02-04T00:30:00Z,home,W,2,13,37,0,0,5,48.3,13,3,7,26,1,17,23,0,0,3,51.7,8,5,11,26
510,2016020810,2017-02-10T00:30:00Z,home,L,3,20,39,0,0,4,63.1,6,7,8,28,6,12,26,33.3,1,3,36.9,6,8,5,20
511,2016020818,2017-02-11T19:00:00Z,away,W,7,22,37,33.3,2,6,48.2,15,9,7,16,4,26,31,25,1,4,51.8,8,8,11,14
512,2016020846,2017-02-16T03:30:00Z,away,W,6,6,22,0,0,2,43.5,17,12,21,23,5,4,36,0,0,3,56.5,15,13,28,10
513,2016020857,2017-02-18T03:00:00Z,away,W,4,8,31,33.3,1,3,27.5,9,4,5,15,1,8,36,0,0,3,72.5,12,4,9,22
514,2016020868,2017-02-19T03:00:00Z,away,W,3,6,25,0,0,2,48.1,10,2,14,27,2,4,35,0,0,3,51.9,16,3,12,25
515,2016020880,2017-02-21T01:00:00Z,away,W,2,4,33,0,0,1,45.9,10,9,3,15,1,2,27,0,0,2,54.1,11,5,4,16
516,2016020891,2017-02-23T00:30:00Z,home,L,3,4,34,100,2,2,52.2,7,5,9,21,4,6,35,0,0,1,47.8,8,9,5,21
517,2016020901,2017-02-25T00:30:00Z,home,L,2,4,38,33.3,1,3,43.6,4,7,7,16,4,8,28,0,0,1,56.4,15,9,5,15
518,2016020916,2017-02-27T00:30:00Z,home,L,1,33,38,20,1,5,50,6,12,13,21,2,29,33,0,0,2,50,19,5,8,23
519,2016020927,2017-03-01T00:30:00Z,home,W,2,4,31,50,1,2,47.2,12,12,17,25,2,6,25,0,0,1,52.8,7,8,5,23
520,2016020938,2017-03-03T00:00:00Z,away,OTL,1,12,40,0,0,2,52.5,15,7,11,27,1,8,49,0,0,4,47.5,12,12,16,29
521,2016020955,2017-03-05T00:00:00Z,home,L,1,6,42,33.3,1,3,53.4,14,10,12,19,2,6,34,0,0,3,46.6,7,7,11,11
522,2016020976,2017-03-08T00:30:00Z,home,L,2,8,45,20,1,5,38.6,7,5,11,21,5,10,28,0,0,4,61.4,15,8,3,19
523,2016020997,2017-03-11T00:30:00Z,home,L,4,8,40,50,1,2,42.3,16,9,21,23,7,6,46,0,0,3,57.7,11,6,5,16
524,2016021003,2017-03-12T00:00:00Z,away,L,2,42,34,0,0,3,51.5,10,3,9,23,3,20,34,25,1,4,48.5,10,13,8,18
525,2016021029,2017-03-14T23:30:00Z,home,W,7,12,32,20,1,5,54.1,12,4,9,19,2,14,30,25,1,4,45.9,9,7,8,17
526,2016021041,2017-03-16T23:00:00Z,away,L,1,6,34,0,0,2,38.2,8,2,2,9,2,4,34,0,0,3,61.8,14,4,5,10
527,2016021049,2017-03-17T23:00:00Z,away,W,3,10,37,50,1,2,36.1,17,10,8,16,3,8,32,33.3,1,3,63.9,15,8,4,17
528,2016021064,2017-03-19T17:00:00Z,away,L,0,12,21,0,0,4,54.7,10,5,4,26,4,12,28,0,0,4,45.3,19,10,8,22
529,2016021081,2017-03-21T23:30:00Z,home,L,3,6,35,0,0,3,48,10,8,11,19,4,10,25,100,1,1,52,14,6,9,22
530,2016021094,2017-03-23T23:30:00Z,home,W,3,0,39,0,0,0,45.2,6,13,8,20,1,0,23,0,0,0,54.8,10,9,11,19
531,2016021109,2017-03-25T23:00:00Z,home,W,7,30,31,20,1,5,43.9,10,9,13,15,0,34,25,0,0,3,56.1,12,3,12,15
532,2016021122,2017-03-27T23:00:00Z,away,L,2,11,32,33.3,1,3,58.9,10,3,4,9,4,11,32,66.7,2,3,41.1,9,4,14,22
533,2016021131,2017-03-28T23:30:00Z,away,L,2,18,27,25,1,4,43.1,15,8,8,30,3,18,25,0,0,4,56.9,13,14,20,18
534,2016021144,2017-03-30T23:30:00Z,away,L,2,6,31,0,0,3,43.5,18,7,11,27,6,20,33,0,0,1,56.5,17,6,23,19
535,2016021157,2017-04-01T17:00:00Z,away,L,2,8,26,25,1,4,57.4,6,12,16,21,5,8,29,25,1,4,42.6,12,7,10,16
536,2016021178,2017-04-03T23:30:00Z,home,L,1,9,32,0,0,2,50,9,5,6,15,4,9,31,0,0,2,50,5,4,12,18
537,2016021199,2017-04-06T23:30:00Z,home,L,3,8,32,0,0,2,42.1,8,10,12,13,6,4,38,50,2,4,57.9,12,10,3,9
538,2016021213,2017-04-08T23:00:00Z,home,W,3,4,37,25,1,4,50.9,8,11,7,12,0,8,30,0,0,2,49.1,6,6,10,15
539,2016021228,2017-04-09T23:00:00Z,away,W,2,6,21,100,1,1,62.2,11,1,9,3,0,4,38,0,0,2,37.8,11,9,7,5
540,2017020014,2017-10-06T23:30:00Z,away,L,3,6,36,0,0,4,51.5,12,3,8,20,5,8,25,33.3,1,3,48.5,17,9,7,26
541,2017020018,2017-10-07T23:00:00Z,home,W,5,23,48,25,1,4,50.7,13,15,13,14,4,19,30,16.7,1,6,49.3,13,5,13,26
542,2017020052,2017-10-12T23:30:00Z,home,W,5,25,38,20,1,5,55.1,13,14,13,18,2,25,39,20,1,5,44.9,11,4,9,13
543,2017020067,2017-10-14T23:00:00Z,away,L,3,6,46,20,1,5,58.7,17,7,9,23,4,10,33,33.3,1,3,41.3,6,11,2,21
544,2017020083,2017-10-17T23:00:00Z,away,L,1,13,41,16.7,1,6,43.1,10,7,5,22,5,17,39,25,1,4,56.9,22,5,10,13
545,2017020107,2017-10-20T23:30:00Z,home,L,3,8,31,0,0,2,58.1,13,5,9,20,4,4,48,75,3,4,41.9,16,5,8,21
546,2017020116,2017-10-21T23:30:00Z,away,W,4,8,23,33.3,2,6,55.8,24,11,4,14,1,12,42,0,0,4,44.2,11,7,17,12
547,2017020130,2017-10-24T23:30:00Z,away,L,1,8,27,0,0,2,45.8,23,4,20,35,5,4,37,50,2,4,54.2,12,9,11,24
548,2017020145,2017-10-26T23:30:00Z,home,W,8,11,22,33.3,1,3,37.7,11,9,20,12,3,11,34,0,0,3,62.3,3,4,14,21
549,2017020160,2017-10-28T23:00:00Z,home,OTL,2,11,46,16.7,1,6,54.9,14,6,27,12,2,17,38,0,0,3,45.1,13,10,13,18
550,2017020174,2017-10-30T23:30:00Z,home,L,5,15,23,0,0,3,50.7,12,16,14,14,8,11,38,40,2,5,49.3,15,12,17,8
551,2017020190,2017-11-02T23:30:00Z,home,L,3,12,34,0,0,1,62.9,10,6,18,23,7,6,40,50,2,4,37.1,7,12,12,9
552,2017020203,2017-11-04T23:00:00Z,home,OTL,4,6,34,0,0,2,54.7,11,9,18,16,5,4,44,33.3,1,3,45.3,16,6,10,11
553,2017020227,2017-11-08T00:00:00Z,away,L,1,12,31,50,1,2,53.1,25,5,11,31,3,6,48,0,0,5,46.9,13,14,12,13
554,2017020242,2017-11-11T00:00:00Z,away,W,4,15,31,0,0,3,40.4,11,5,8,16,1,15,25,50,1,2,59.6,15,6,7,23
555,2017020254,2017-11-12T00:00:00Z,away,L,1,8,33,0,0,4,67.3,9,11,8,17,2,10,21,50,1,2,32.7,12,13,10,20
556,2017020269,2017-11-15T00:30:00Z,home,W,3,11,29,40,2,5,50,8,3,20,13,3,17,43,0,0,2,50,8,4,10,15
557,2017020289,2017-11-17T03:30:00Z,away,W,2,4,28,0,0,1,48.5,18,20,14,22,0,2,35,0,0,2,51.5,12,23,20,19
558,2017020296,2017-11-18T21:00:00Z,away,L,0,2,24,0,0,2,49.2,8,0,2,22,4,6,20,0,0,0,50.8,10,5,10,28
559,2017020309,2017-11-20T01:00:00Z,away,L,2,15,52,16.7,1,6,49.2,12,11,14,20,3,19,28,50,2,4,50.8,18,10,15,28
560,2017020321,2017-11-23T00:00:00Z,home,W,1,6,43,0,0,3,44.1,18,8,13,13,1,6,44,0,0,3,55.9,6,10,6,14
561,2017020352,2017-11-26T00:00:00Z,home,L,1,2,38,0,0,2,46.2,17,8,19,20,4,4,39,0,0,1,53.8,11,3,12,8
562,2017020362,2017-11-28T00:00:00Z,away,W,3,8,38,0,0,3,65.1,7,10,8,20,2,10,25,0,0,2,34.9,12,7,6,15
563,2017020369,2017-11-29T00:00:00Z,away,W,5,8,27,50,1,2,52.5,15,9,10,22,4,6,37,0,0,3,47.5,12,10,11,13
564,2017020392,2017-12-02T00:30:00Z,home,L,1,0,40,0,0,2,50.9,21,9,18,17,2,4,32,0,0,0,49.1,17,6,11,17
565,2017020403,2017-12-03T00:00:00Z,away,OTL,2,26,39,0,0,2,45.1,15,18,16,25,3,20,47,40,2,5,54.9,15,15,15,19
566,2017020413,2017-12-05T00:30:00Z,home,OTL,4,4,43,50,2,4,55.1,9,8,10,21,4,18,32,0,0,2,44.9,8,7,13,20
567,2017020434,2017-12-08T00:30:00Z,home,W,6,16,36,50,2,4,38.9,12,4,9,30,4,10,39,14.3,1,7,61.1,8,5,7,24
568,2017020448,2017-12-10T00:00:00Z,home,L,3,6,42,0,0,5,54,13,12,13,26,7,10,30,0,0,3,46,17,6,9,16
569,2017020463,2017-12-12T00:30:00Z,away,W,2,23,29,50,1,2,52.9,18,4,9,19,1,21,35,0,0,3,47.1,17,5,11,24
570,2017020473,2017-12-13T01:30:00Z,away,OTL,2,10,37,0,0,2,53.1,25,11,11,33,3,8,28,0,0,3,46.9,16,11,11,31
571,2017020486,2017-12-15T02:00:00Z,away,L,1,6,33,0,0,1,50,18,5,7,12,2,2,30,0,0,3,50,14,9,4,9
572,2017020510,2017-12-18T01:00:00Z,away,L,2,8,18,33.3,1,3,43.5,15,14,8,13,5,6,40,0,0,4,56.5,13,18,12,12
573,2017020523,2017-12-20T02:00:00Z,away,W,3,10,26,0,0,0,50,16,5,7,30,2,4,41,0,0,4,50,12,5,7,32
574,2017020540,2017-12-23T00:30:00Z,home,W,4,15,34,0,0,3,36.1,7,17,13,23,2,11,31,20,1,5,63.9,12,10,9,9
575,2017020546,2017-12-24T00:00:00Z,home,W,1,6,38,0,0,3,61,12,12,20,14,0,10,38,0,0,2,39,14,10,15,13
576,2017020571,2017-12-29T00:30:00Z,home,W,3,15,27,0,0,4,55.2,10,14,7,17,2,15,31,0,0,4,44.8,18,5,17,23
577,2017020588,2017-12-31T00:00:00Z,home,W,2,0,33,0,0,3,50,17,15,20,33,0,6,38,0,0,0,50,15,11,6,17
578,2017020608,2018-01-03T01:00:00Z,away,L,1,7,26,0,0,2,46.6,14,2,6,11,5,9,41,0,0,1,53.4,12,6,3,8
579,2017020630,2018-01-06T00:30:00Z,away,L,2,6,40,0,0,1,43.3,7,1,7,21,4,4,19,50,1,2,56.7,12,7,21,25
580,2017020647,2018-01-07T22:00:00Z,away,OTL,2,10,44,33.3,1,3,58.4,11,5,3,19,2,8,48,50,2,4,41.6,25,14,6,18
581,2017020657,2018-01-10T01:00:00Z,away,W,7,13,36,0,0,2,63.6,14,9,5,20,4,13,30,0,0,2,36.4,14,11,9,13
582,2017020666,2018-01-13T00:30:00Z,home,L,2,8,43,25,1,4,52.2,17,4,18,27,4,10,29,33.3,1,3,47.8,24,10,9,17
583,2017020705,2018-01-20T00:30:00Z,home,W,4,6,26,0,0,1,51.7,23,8,14,22,3,2,36,0,0,3,48.3,8,8,7,19
584,2017020716,2018-01-21T01:00:00Z,away,L,3,12,40,100,1,1,50,13,8,9,13,4,12,29,0,0,1,50,16,6,10,9
585,2017020738,2018-01-24T01:30:00Z,away,L,1,84,34,16.7,1,6,50,8,1,7,22,6,54,39,33.3,2,6,50,21,4,12,13
586,2017020752,2018-01-26T00:30:00Z,home,L,2,19,34,0,0,4,57.8,5,11,8,17,4,15,46,33.3,2,6,42.2,8,2,1,21
587,2017020763,2018-01-31T00:00:00Z,away,W,4,2,40,0,0,0,57.1,16,8,13,19,1,0,33,0,0,1,42.9,11,7,21,19
588,2017020777,2018-02-02T00:00:00Z,away,W,4,35,32,28.6,2,7,56.5,16,3,3,16,2,47,32,33.3,1,3,43.5,5,3,2,21
589,2017020796,2018-02-04T00:00:00Z,home,W,3,13,33,0,0,3,49.2,7,14,15,27,2,13,28,0,0,2,50.8,14,9,11,18
590,2017020818,2018-02-07T00:30:00Z,home,W,3,2,41,25,1,4,50,15,14,10,23,1,8,27,0,0,1,50,16,8,8,22
591,2017020838,2018-02-10T00:30:00Z,home,L,1,12,36,50,1,2,52.5,13,11,18,20,3,14,26,0,0,1,47.5,20,7,6,30
592,2017020862,2018-02-13T02:00:00Z,away,W,7,0,40,75,3,4,42.9,19,13,10,25,5,8,32,0,0,0,57.1,12,7,17,36
593,2017020878,2018-02-15T03:00:00Z,away,W,4,12,34,25,1,4,50.8,13,5,8,8,3,8,37,16.7,1,6,49.2,17,3,6,14
594,2017020903,2018-02-18T03:00:00Z,away,W,6,29,30,50,2,4,45.3,15,14,5,8,3,23,33,28.6,2,7,54.7,11,9,14,14
595,2017020910,2018-02-19T01:00:00Z,away,L,2,4,27,50,2,4,47.6,11,5,15,17,7,8,34,50,1,2,52.4,14,7,17,17
596,2017020918,2018-02-21T00:00:00Z,away,L,0,4,40,0,0,2,33.3,12,5,7,20,1,4,31,0,0,2,66.7,14,3,8,20
597,2017020936,2018-02-23T00:30:00Z,home,W,3,11,33,25,1,4,54.8,13,7,12,19,2,33,35,33.3,1,3,45.2,14,9,14,14
598,2017020951,2018-02-25T00:00:00Z,home,W,6,7,30,0,0,3,57.7,19,7,18,19,5,21,37,100,1,1,42.3,11,5,14,7
599,2017020972,2018-02-28T00:30:00Z,home,W,3,4,31,25,1,4,47.5,15,8,22,18,2,8,39,0,0,2,52.5,7,19,11,11
600,2017020985,2018-03-02T00:30:00Z,home,W,3,9,29,0,0,2,58.1,18,14,30,18,2,9,31,50,1,2,41.9,13,6,17,23
601,2017020992,2018-03-03T00:30:00Z,home,W,4,40,30,0,0,3,50,12,12,19,27,1,30,25,0,0,3,50,4,7,10,14
602,2017021008,2018-03-04T20:00:00Z,home,W,4,11,26,20,1,5,39.6,16,15,11,25,1,17,40,0,0,2,60.4,14,10,9,22
603,2017021024,2018-03-07T00:30:00Z,away,OTL,4,5,49,50,1,2,52.3,14,1,7,28,5,9,33,0,0,0,47.7,12,7,7,28
604,2017021038,2018-03-09T00:30:00Z,home,W,5,8,32,50,1,2,58.9,23,14,19,29,0,4,40,0,0,4,41.1,10,14,9,21
605,2017021056,2018-03-11T00:00:00Z,home,W,3,7,35,50,1,2,57.8,12,9,16,18,3,9,37,0,0,1,42.2,8,10,12,15
606,2017021067,2018-03-12T23:30:00Z,home,L,3,6,38,0,0,1,51.4,8,14,27,21,5,4,25,0,0,2,48.6,18,11,11,21
607,2017021087,2018-03-15T23:30:00Z,home,W,3,25,28,50,1,2,52.9,18,17,26,23,0,17,46,0,0,4,47.1,10,9,8,24
608,2017021099,2018-03-17T18:00:00Z,home,L,2,9,42,0,0,6,46,16,14,33,17,4,19,36,0,0,1,54,9,15,13,16
609,2017021118,2018-03-19T23:30:00Z,away,W,2,22,40,0,0,2,58.9,13,7,15,18,0,26,28,0,0,5,41.1,21,9,14,32
610,2017021125,2018-03-20T23:30:00Z,away,W,7,4,39,0,0,1,43.2,20,10,15,19,2,2,35,0,0,2,56.8,22,4,13,20
611,2017021139,2018-03-22T23:00:00Z,away,L,0,8,33,0,0,4,53.4,11,4,4,18,4,10,33,33.3,1,3,46.6,15,11,5,17
612,2017021156,2018-03-24T23:00:00Z,home,W,4,4,47,25,1,4,48.5,16,9,28,21,2,10,28,100,1,1,51.5,18,6,17,20
613,2017021169,2018-03-26T23:00:00Z,away,W,3,8,41,16.7,1,6,50.8,19,6,9,14,0,12,32,0,0,4,49.2,17,5,15,14
614,2017021186,2018-03-28T23:30:00Z,away,L,3,2,33,0,0,3,50.7,18,5,8,24,4,6,35,0,0,1,49.3,22,10,23,22
615,2017021193,2018-03-29T23:30:00Z,away,OTL,2,2,26,50,1,2,46.3,14,3,9,24,3,4,30,0,0,1,53.7,17,8,9,28
616,2017021206,2018-03-31T17:00:00Z,away,L,1,14,31,0,0,2,50.7,8,12,13,29,5,16,33,100,1,1,49.3,6,8,6,15
617,2017021225,2018-04-02T23:30:00Z,home,W,3,9,35,50,1,2,45.1,14,11,13,29,2,21,29,0,0,1,54.9,10,5,14,14
618,2017021234,2018-04-03T23:30:00Z,home,W,2,0,33,0,0,1,45.3,18,19,15,22,1,2,46,0,0,0,54.7,13,7,4,11
619,2017021247,2018-04-05T23:30:00Z,home,W,3,4,35,0,0,2,50.8,9,10,19,25,2,6,28,100,1,1,49.2,17,12,4,21
620,2017021261,2018-04-07T23:00:00Z,home,W,4,6,27,33.3,1,3,50,20,7,25,6,3,6,41,33.3,1,3,50,12,11,13,11
621,2017020616,2018-04-08T23:30:00Z,away,W,4,8,26,0,0,3,39.7,20,20,9,15,2,6,43,25,1,4,60.3,7,7,11,20
622,2018020019,2018-10-06T23:00:00Z,away,OTL,1,6,43,0,0,5,52.6,13,8,5,22,1,10,29,0,0,3,47.4,9,5,11,37
623,2018020047,2018-10-11T23:00:00Z,home,L,4,6,41,0,0,2,59.1,14,12,18,18,5,4,32,66.7,2,3,40.9,5,7,14,7
624,2018020064,2018-10-13T23:00:00Z,home,L,2,8,26,0,0,5,42.2,6,11,14,18,3,10,30,25,1,4,57.8,23,12,13,15
625,2018020080,2018-10-16T23:00:00Z,away,OTL,5,16,26,33.3,1,3,53.8,14,7,16,29,5,18,26,0,0,2,46.2,13,4,11,23
626,2018020099,2018-10-19T23:00:00Z,away,W,5,8,30,28.6,2,7,50.8,20,11,11,20,5,16,31,33.3,1,3,49.2,12,14,15,28
627,2018020108,2018-10-20T23:00:00Z,home,OTL,3,6,37,0,0,5,46.2,10,12,16,17,4,10,31,66.7,2,3,53.8,12,22,19,15
628,2018020122,2018-10-23T23:00:00Z,away,L,2,17,38,25,1,4,46.6,17,10,11,28,5,23,22,33.3,2,6,53.4,18,9,15,28
629,2018020130,2018-10-24T23:00:00Z,away,W,3,8,41,40,2,5,50,12,2,12,23,2,12,22,33.3,1,3,50,13,3,11,20
630,2018020148,2018-10-27T16:00:00Z,away,L,2,12,37,0,0,4,57,8,1,3,20,3,12,26,0,0,4,43,30,6,13,15
631,2018020180,2018-11-01T18:00:00Z,home,L,2,14,38,20,1,5,42.4,13,7,13,10,4,12,36,33.3,2,6,57.6,26,10,11,17
632,2018020192,2018-11-02T18:00:00Z,away,W,4,19,26,60,3,5,48.5,21,4,11,18,2,23,34,100,1,1,51.5,13,6,5,14
633,2018020228,2018-11-09T00:00:00Z,home,W,4,11,33,25,1,4,62.7,12,16,11,12,1,13,27,0,0,3,37.3,10,12,5,23
634,2018020248,2018-11-11T00:00:00Z,home,W,4,10,31,20,1,5,48.3,11,19,24,7,2,12,31,0,0,4,51.7,9,7,12,16
635,2018020254,2018-11-11T22:00:00Z,home,W,5,10,40,33.3,1,3,58.6,13,10,10,20,1,6,35,20,1,5,41.4,11,8,9,12
636,2018020267,2018-11-14T00:00:00Z,away,W,2,2,30,33.3,1,3,31.7,21,12,11,25,1,6,31,0,0,1,68.3,15,7,11,30
637,2018020280,2018-11-16T00:00:00Z,away,L,3,2,43,50,2,4,54.8,6,5,6,12,7,8,37,0,0,1,45.2,15,14,4,15
638,2018020296,2018-11-18T00:00:00Z,away,L,2,6,41,33.3,1,3,64.9,13,4,19,21,4,8,24,50,1,2,35.1,21,10,20,30
639,2018020312,2018-11-20T00:30:00Z,away,W,7,12,32,50,1,2,44.3,20,11,19,26,5,6,38,20,1,5,55.7,11,8,24,17
640,2018020325,2018-11-22T00:30:00Z,away,L,3,8,43,50,2,4,39.7,17,5,6,18,7,8,33,25,1,4,60.3,7,12,8,15
641,2018020342,2018-11-24T00:30:00Z,away,L,1,8,35,0,0,1,48.2,16,17,16,31,4,4,39,33.3,1,3,51.8,16,18,19,31
642,2018020351,2018-11-25T00:00:00Z,home,OTL,4,9,38,33.3,1,3,51.6,13,16,19,25,5,11,41,0,0,2,48.4,7,9,9,13
643,2018020363,2018-11-27T00:00:00Z,home,W,4,4,34,25,1,4,52.1,14,8,19,24,3,8,32,0,0,2,47.9,12,10,13,17
644,2018020378,2018-11-29T00:00:00Z,home,L,2,4,44,33.3,1,3,41.5,6,10,13,15,3,6,25,0,0,2,58.5,10,7,14,16
645,2018020390,2018-12-01T00:00:00Z,home,W,3,8,43,50,2,4,57.6,10,15,19,37,2,8,24,25,1,4,42.4,21,9,22,26
646,2018020399,2018-12-02T00:00:00Z,home,OTL,4,8,27,25,1,4,42.1,15,21,32,28,5,10,39,66.7,2,3,57.9,18,5,14,24
647,2018020417,2018-12-05T00:00:00Z,home,W,5,10,44,33.3,2,6,44.3,16,6,15,22,0,14,33,0,0,4,55.7,8,6,19,26
648,2018020430,2018-12-07T00:00:00Z,home,L,2,8,35,20,1,5,56.9,14,8,12,23,5,10,37,0,0,4,43.1,15,2,4,14
649,2018020450,2018-12-09T00:00:00Z,home,OTL,4,2,31,50,2,4,48.3,15,4,16,26,4,8,26,0,0,1,51.7,16,5,13,26
650,2018020470,2018-12-12T01:00:00Z,away,L,3,6,25,0,0,2,50,14,8,5,12,4,4,33,0,0,3,50,19,14,8,17
651,2018020484,2018-12-14T01:00:00Z,away,L,1,2,31,0,0,2,52.2,12,4,4,20,5,6,26,0,0,0,47.8,21,7,5,15
652,2018020497,2018-12-16T00:00:00Z,home,W,4,20,33,50,2,4,49.2,22,16,25,24,3,10,32,0,0,4,50.8,12,9,8,12
653,2018020517,2018-12-19T00:00:00Z,away,W,5,11,36,33.3,1,3,44.2,11,4,9,20,2,11,32,0,0,3,55.8,5,9,12,11
654,2018020531,2018-12-21T00:00:00Z,away,L,1,6,26,33.3,1,3,49.1,22,8,24,30,6,6,26,100,3,3,50.9,13,17,11,9
655,2018020547,2018-12-22T19:00:00Z,away,W,2,10,23,50,1,2,52.5,15,2,11,21,1,6,34,0,0,4,47.5,8,4,11,11
656,2018020562,2018-12-24T00:00:00Z,away,W,6,6,27,33.3,1,3,45.8,14,9,12,25,3,6,29,33.3,1,3,54.2,11,12,10,21
657,2018020580,2018-12-29T00:00:00Z,home,L,3,11,26,33.3,1,3,49.1,11,4,11,20,5,11,28,33.3,1,3,50.9,11,7,5,28
658,2018020591,2018-12-30T00:00:00Z,home,W,2,4,36,33.3,1,3,29,8,10,16,21,1,6,35,0,0,2,71,21,3,10,21
659,2018020606,2019-01-01T00:30:00Z,away,W,3,4,27,0,0,3,38.9,10,1,14,13,3,6,20,0,0,2,61.1,10,1,23,25
660,2018020623,2019-01-04T00:00:00Z,away,L,3,6,38,33.3,1,3,45.8,9,1,6,17,4,6,33,0,0,3,54.2,18,3,5,16
661,2018020641,2019-01-06T00:00:00Z,home,OTL,3,6,30,0,0,1,51.9,4,11,24,33,4,4,35,0,0,2,48.1,11,8,9,19
662,2018020660,2019-01-09T00:00:00Z,away,L,1,20,37,0,0,4,50.9,10,8,10,37,5,20,31,0,0,4,49.1,22,7,12,27
663,2018020679,2019-01-11T02:00:00Z,away,OTL,3,4,30,0,0,2,45.6,15,5,17,25,3,4,24,0,0,2,54.4,13,13,8,29
664,2018020685,2019-01-12T02:00:00Z,away,L,3,22,27,50,1,2,45.6,24,8,24,24,4,4,24,100,1,1,54.4,6,13,19,15
665,2018020703,2019-01-14T00:00:00Z,away,L,1,29,24,0,0,2,45.8,9,4,5,18,5,19,36,0,0,2,54.2,14,9,6,34
666,2018020714,2019-01-16T00:30:00Z,away,L,1,8,53,0,0,4,35.9,12,9,21,25,5,10,28,33.3,1,3,64.1,16,9,19,27
667,2018020733,2019-01-19T00:00:00Z,home,W,3,2,29,0,0,3,45.3,11,11,20,26,1,6,21,0,0,1,54.7,8,13,11,21
668,2018020747,2019-01-20T01:00:00Z,away,W,4,8,30,33.3,1,3,58.2,18,9,14,9,2,6,39,0,0,4,41.8,13,7,14,18
669,2018020758,2019-01-22T00:00:00Z,home,W,6,11,30,75,3,4,46,14,12,19,25,2,25,29,0,0,2,54,12,10,11,23
670,2018020782,2019-02-02T00:00:00Z,home,L,1,4,28,16.7,1,6,53.6,13,13,21,23,4,12,26,0,0,2,46.4,19,11,14,22
671,2018020793,2019-02-03T00:00:00Z,home,W,3,2,25,0,0,1,50,12,14,23,27,1,2,35,0,0,1,50,9,5,22,29
672,2018020811,2019-02-06T00:00:00Z,home,L,2,2,24,66.7,2,3,57.1,7,3,19,23,3,6,34,0,0,1,42.9,15,9,9,15
673,2018020824,2019-02-08T00:00:00Z,home,W,3,6,42,33.3,1,3,50,9,11,21,31,2,6,31,0,0,3,50,12,8,14,27
674,2018020848,2019-02-10T00:00:00Z,away,W,5,2,31,25,1,4,50.8,23,11,12,20,4,8,30,0,0,1,49.2,16,14,16,16
675,2018020858,2019-02-10T23:00:00Z,home,L,2,10,27,0,0,4,47.5,10,11,15,25,5,10,23,50,2,4,52.5,11,12,13,29
676,2018020865,2019-02-13T00:00:00Z,home,L,0,4,30,0,0,4,62.5,15,10,13,18,3,8,19,0,0,2,37.5,20,7,18,26
677,2018020877,2019-02-15T00:00:00Z,home,W,2,8,32,0,0,1,59,18,11,19,24,2,2,43,0,0,4,41,12,12,17,20
678,2018020908,2019-02-18T00:00:00Z,home,W,6,6,36,33.3,1,3,47.7,12,13,14,19,3,6,31,0,0,3,52.3,8,10,21,30
679,2018020916,2019-02-20T00:00:00Z,home,W,4,8,41,0,0,4,55,15,13,26,30,2,8,34,25,1,4,45,16,12,19,41
680,2018020930,2019-02-22T00:00:00Z,home,L,3,16,30,40,2,5,56.9,16,12,15,35,4,10,25,25,2,8,43.1,6,15,11,29
681,2018020948,2019-02-23T22:00:00Z,home,W,6,2,25,40,2,5,62.5,16,9,16,28,1,10,19,0,0,1,37.5,12,8,4,41
682,2018020966,2019-02-26T02:00:00Z,away,W,4,4,38,50,1,2,49.3,12,7,6,28,3,4,39,0,0,2,50.7,22,10,7,23
683,2018020977,2019-02-27T02:00:00Z,away,OTL,3,10,27,0,0,1,45.5,17,9,16,33,3,2,40,20,1,5,54.5,16,8,12,25
684,2018020989,2019-03-01T03:00:00Z,away,OTL,5,4,37,66.7,2,3,41.7,20,12,16,36,5,10,46,0,0,1,58.3,4,20,16,31
685,2018021005,2019-03-03T00:00:00Z,home,OTL,3,2,34,0,0,2,56.5,12,6,13,27,4,6,26,0,0,0,43.5,14,11,12,14
686,2018021013,2019-03-03T22:00:00Z,home,L,2,6,32,0,0,2,58.2,12,17,15,21,3,4,33,33.3,1,3,41.8,16,11,7,30
687,2018021022,2019-03-06T00:00:00Z,away,OTL,2,4,34,33.3,1,3,48.3,19,8,10,27,3,6,37,50,1,2,51.7,13,4,11,28
688,2018021033,2019-03-08T00:00:00Z,away,L,3,8,25,40,2,5,43.6,19,20,17,21,4,10,28,25,1,4,56.4,6,7,16,19
689,2018021044,2019-03-09T00:00:00Z,home,W,6,13,29,33.3,1,3,56.5,8,7,21,25,2,13,27,0,0,3,43.5,9,7,12,24
690,2018021060,2019-03-10T21:00:00Z,home,W,6,4,43,50,2,4,56.7,16,5,14,23,1,8,20,50,1,2,43.3,10,9,12,43
691,2018021092,2019-03-15T02:30:00Z,away,W,4,6,27,20,1,5,46,18,9,9,12,2,10,28,0,0,3,54,12,16,12,13
692,2018021101,2019-03-16T20:00:00Z,away,W,4,9,35,25,1,4,44.2,12,4,10,17,3,13,27,50,1,2,55.8,14,7,10,32
693,2018021116,2019-03-18T01:00:00Z,away,L,2,6,39,0,0,1,45.3,10,8,13,14,3,4,22,50,1,2,54.7,10,7,8,25
694,2018021130,2019-03-20T00:30:00Z,away,L,2,6,22,33.3,1,3,43.5,15,5,15,10,4,6,36,33.3,1,3,56.5,16,10,15,16
695,2018021136,2019-03-21T23:00:00Z,home,W,4,4,22,33.3,1,3,55.9,12,9,24,30,2,6,34,0,0,2,44.1,11,11,9,34
696,2018021156,2019-03-23T23:00:00Z,home,L,3,23,34,100,1,1,61.5,13,13,24,47,7,9,39,33.3,1,3,38.5,14,6,12,25
697,2018021169,2019-03-25T23:00:00Z,away,L,5,8,36,33.3,1,3,44.6,17,6,10,21,7,8,37,33.3,1,3,55.4,15,15,16,25
698,2018021180,2019-03-26T23:30:00Z,away,L,1,14,34,33.3,1,3,51.4,23,10,19,24,6,16,27,0,0,2,48.6,13,11,13,23
699,2018021192,2019-03-28T23:30:00Z,away,W,5,8,34,0,0,2,52.7,14,3,10,24,2,6,30,0,0,3,47.3,11,6,13,19
700,2018021204,2019-03-30T17:00:00Z,away,W,4,4,23,0,0,1,54.2,20,10,5,21,1,2,31,0,0,2,45.8,8,6,11,21
701,2018021221,2019-04-01T23:00:00Z,home,W,5,4,34,0,0,2,47.5,12,16,18,29,3,4,30,0,0,2,52.5,6,8,14,35
702,2018021244,2019-04-04T23:00:00Z,home,OTL,1,6,30,50,1,2,50.8,20,7,20,33,1,4,36,0,0,3,49.2,14,6,17,32
703,2018021262,2019-04-06T23:00:00Z,home,OTL,3,27,40,0,0,3,57.4,6,11,27,35,4,43,27,20,1,5,42.6,15,8,7,37
704,2019020005,2019-10-03T23:00:00Z,away,L,2,6,37,0,0,4,39,15,6,8,14,5,8,30,33.3,1,3,61,15,7,6,17
705,2019020021,2019-10-05T23:00:00Z,home,W,4,4,28,66.7,2,3,44.8,14,8,10,26,3,8,35,0,0,1,55.2,5,9,6,24
706,2019020036,2019-10-08T23:00:00Z,home,L,3,10,50,33.3,2,6,54.5,10,11,14,15,6,16,35,33.3,1,3,45.5,25,3,7,16
707,2019020058,2019-10-11T23:00:00Z,away,OTL,2,8,43,0,0,2,44.4,14,2,9,13,2,4,32,0,0,4,55.6,10,6,11,14
708,2019020067,2019-10-12T23:00:00Z,away,OTL,2,7,37,0,0,3,53.3,16,3,20,28,2,11,28,0,0,1,46.7,20,10,20,24
709,2019020080,2019-10-14T17:00:00Z,away,W,6,6,34,20,1,5,48.1,10,5,5,30,4,10,21,0,0,3,51.9,12,5,5,25
710,2019020107,2019-10-18T23:00:00Z,home,OTL,4,6,44,0,0,4,48.2,9,11,18,17,5,8,41,0,0,3,51.8,13,17,10,19
711,2019020121,2019-10-20T00:00:00Z,away,W,2,8,30,50,1,2,42.6,22,9,7,9,2,4,27,25,1,4,57.4,11,5,8,14
712,2019020135,2019-10-22T23:00:00Z,home,W,4,2,22,0,0,1,42.9,11,8,22,31,2,2,25,0,0,1,57.1,9,11,9,12
713,2019020153,2019-10-25T01:00:00Z,away,OTL,5,11,23,0,0,2,34.5,17,11,10,14,5,9,24,33.3,1,3,65.5,8,12,15,16
714,2019020170,2019-10-27T20:00:00Z,away,W,6,6,29,0,0,1,53.7,17,7,12,11,2,2,26,33.3,1,3,46.3,13,9,13,22
715,2019020178,2019-10-29T02:00:00Z,away,L,2,4,31,50,1,2,46.3,15,4,5,16,7,4,36,0,0,2,53.7,16,13,5,17
716,2019020191,2019-10-31T02:00:00Z,away,W,4,21,38,25,1,4,50,7,8,4,15,3,25,30,0,0,2,50,12,13,10,15
717,2019020208,2019-11-02T23:00:00Z,home,W,4,6,41,50,1,2,55.6,13,5,20,16,0,4,22,0,0,3,44.4,9,8,10,14
718,2019020238,2019-11-08T00:00:00Z,home,OTL,4,8,36,20,1,5,50,10,15,15,7,5,10,31,25,1,4,50,15,13,10,16
719,2019020252,2019-11-09T18:00:00Z,away,L,1,6,38,25,1,4,42.9,15,7,14,6,2,8,36,0,0,3,57.1,20,12,21,20
720,2019020263,2019-11-10T18:00:00Z,away,W,5,13,35,33.3,1,3,75.9,9,13,22,28,5,11,34,50,2,4,24.1,15,11,15,25
721,2019020272,2019-11-13T00:00:00Z,away,W,4,8,29,50,2,4,52.9,14,9,10,27,4,12,38,50,1,2,47.1,6,12,11,20
722,2019020288,2019-11-15T00:00:00Z,home,L,3,0,37,33.3,1,3,58.2,10,16,16,16,4,6,30,0,0,0,41.8,15,11,12,18
723,2019020306,2019-11-17T00:00:00Z,home,W,4,6,30,66.7,2,3,51.6,12,9,11,15,3,8,33,0,0,3,48.4,16,10,9,18
724,2019020319,2019-11-20T00:00:00Z,home,W,5,6,26,0,0,4,52.1,18,12,12,15,2,8,37,0,0,2,47.9,18,7,12,14
725,2019020334,2019-11-22T00:00:00Z,home,W,5,2,28,0,0,1,53.1,18,15,17,17,4,2,32,100,1,1,46.9,15,14,11,22
726,2019020355,2019-11-24T00:00:00Z,away,L,2,4,23,0,0,2,58,20,5,11,22,4,4,34,0,0,2,42,7,13,8,21
727,2019020362,2019-11-24T22:00:00Z,home,L,2,4,45,25,1,4,56,8,10,7,12,5,8,26,0,0,2,44,15,7,9,21
728,2019020383,2019-11-28T00:00:00Z,away,L,3,6,40,0,0,3,59.3,18,7,8,10,4,8,20,0,0,2,40.7,18,5,11,28
729,2019020408,2019-12-01T00:00:00Z,home,W,3,8,28,0,0,4,50,19,9,9,20,0,8,27,0,0,4,50,18,12,9,24
730,2019020426,2019-12-04T00:00:00Z,home,L,2,2,46,33.3,1,3,58.2,10,8,13,12,4,6,26,0,0,1,41.8,8,7,10,30
731,2019020457,2019-12-08T00:00:00Z,home,W,4,11,27,25,1,4,59.6,18,10,15,13,1,13,34,0,0,3,40.4,17,2,6,19
732,2019020464,2019-12-08T22:00:00Z,home,W,5,11,33,50,2,4,47.7,17,9,5,16,1,23,31,33.3,1,3,52.3,14,3,5,21
733,2019020473,2019-12-11T00:00:00Z,home,L,1,4,28,0,0,3,50,17,17,23,19,2,6,48,0,0,2,50,24,4,13,24
734,2019020489,2019-12-13T00:00:00Z,home,L,1,13,33,0,0,3,50.8,10,11,13,16,3,21,30,50,2,4,49.2,20,8,10,18
735,2019020508,2019-12-15T00:00:00Z,home,L,2,6,33,0,0,3,42.6,14,11,15,21,4,6,42,33.3,1,3,57.4,21,6,10,21
736,2019020519,2019-12-17T00:00:00Z,home,W,6,8,31,20,1,5,50,13,14,22,22,1,16,30,0,0,1,50,11,8,13,32
737,2019020548,2019-12-21T00:00:00Z,home,W,7,6,33,25,1,4,50,15,12,19,14,4,8,31,33.3,1,3,50,10,13,14,24
738,2019020559,2019-12-22T00:00:00Z,away,W,4,10,22,66.7,2,3,49.2,23,8,8,15,2,10,44,33.3,1,3,50.8,5,5,10,11
739,2019020572,2019-12-24T00:00:00Z,away,L,1,8,30,25,1,4,55.9,15,6,11,25,6,8,34,75,3,4,44.1,9,4,12,18
740,2019020595,2019-12-29T00:00:00Z,home,W,5,6,30,66.7,2,3,38.1,19,14,22,30,4,8,39,0,0,2,61.9,13,15,14,24
741,2019020608,2019-12-30T00:00:00Z,home,W,6,8,34,0,0,5,48.6,19,10,15,13,5,10,43,50,2,4,51.4,18,7,7,24
742,2019020619,2020-01-01T00:00:00Z,away,L,1,8,37,0,0,2,57.7,10,5,7,15,4,6,28,33.3,1,3,42.3,24,3,14,11
743,2019020632,2020-01-03T00:30:00Z,away,W,6,6,31,66.7,2,3,52.5,23,7,12,21,3,6,31,0,0,3,47.5,16,2,15,35
744,2019020645,2020-01-04T18:00:00Z,away,L,2,8,34,0,0,3,48.1,11,4,6,8,3,8,18,33.3,1,3,51.9,16,0,8,11
745,2019020654,2020-01-05T22:00:00Z,away,W,4,18,35,0,0,1,57.4,12,6,3,21,1,14,32,0,0,3,42.6,20,7,10,26
746,2019020664,2020-01-08T00:00:00Z,home,L,2,6,39,0,0,2,56.3,8,10,10,24,5,6,37,100,2,2,43.7,15,7,7,25
747,2019020681,2020-01-10T00:00:00Z,home,W,5,6,49,25,1,4,55.9,10,11,18,20,2,18,32,0,0,3,44.1,18,4,10,24
748,2019020707,2020-01-13T00:00:00Z,home,W,8,6,29,50,1,2,46.5,18,12,18,18,4,4,47,0,0,3,53.5,4,6,9,6
749,2019020729,2020-01-17T00:00:00Z,home,W,4,8,26,66.7,2,3,50,15,11,13,22,3,6,30,50,2,4,50,14,8,9,17
750,2019020749,2020-01-19T00:00:00Z,away,W,4,19,38,16.7,1,6,41.3,15,1,7,15,1,27,28,0,0,7,58.7,14,5,7,16
751,2019020760,2020-01-21T01:00:00Z,away,W,5,8,25,50,1,2,47.5,15,4,6,15,4,4,33,50,2,4,52.5,7,7,4,10
752,2019020765,2020-01-22T01:30:00Z,away,W,4,8,26,33.3,1,3,50.8,17,7,8,23,3,6,35,25,1,4,49.2,19,8,11,19
753,2019020794,2020-02-01T19:00:00Z,away,L,0,4,29,0,0,6,35.1,25,7,14,14,4,12,35,50,1,2,64.9,11,9,6,22
754,2019020809,2020-02-04T00:00:00Z,away,W,5,6,21,50,1,2,44.2,11,13,4,30,3,4,34,33.3,1,3,55.8,10,8,16,10
755,2019020818,2020-02-05T00:00:00Z,away,OTL,0,2,32,0,0,2,55,14,2,2,15,1,4,45,0,0,1,45,14,5,6,12
756,2019020830,2020-02-07T00:00:00Z,home,L,2,12,25,33.3,1,3,53.4,10,10,20,16,7,8,39,20,1,5,46.6,10,5,12,22
757,2019020847,2020-02-09T00:00:00Z,home,L,2,2,35,0,0,3,61.2,9,7,14,32,3,6,22,100,1,1,38.8,12,5,5,25
758,2019020861,2020-02-11T00:00:00Z,away,L,1,10,31,0,0,5,44.8,12,5,10,22,4,10,34,0,0,5,55.2,12,9,8,32
759,2019020868,2020-02-12T00:00:00Z,away,W,5,4,33,0,0,2,61,11,11,3,12,3,4,28,50,1,2,39,18,8,16,12
760,2019020883,2020-02-14T00:00:00Z,home,L,2,8,28,0,0,1,39.3,8,13,9,22,6,4,28,33.3,1,3,60.7,12,7,5,15
761,2019020898,2020-02-15T21:00:00Z,home,L,1,12,34,0,0,3,58.2,6,9,16,20,4,16,29,0,0,1,41.8,17,8,9,8
762,2019020917,2020-02-17T21:00:00Z,away,W,5,8,28,0,0,4,35,20,9,4,11,3,8,32,25,1,4,65,13,10,9,13
763,2019020931,2020-02-20T03:00:00Z,away,W,4,4,32,0,0,1,50,9,6,9,16,1,4,36,0,0,1,50,17,4,14,23
764,2019020940,2020-02-21T03:30:00Z,away,L,4,12,29,50,2,4,34.9,13,2,7,23,5,10,40,20,1,5,65.1,4,2,21,17
765,2019020957,2020-02-23T03:00:00Z,away,L,3,6,35,33.3,1,3,52.1,18,7,3,15,5,8,39,0,0,2,47.9,15,11,4,23
766,2019020979,2020-02-26T02:00:00Z,away,W,2,0,26,50,1,2,56.7,12,3,3,25,1,4,38,0,0,0,43.3,16,8,9,21
767,2019020987,2020-02-28T00:00:00Z,home,L,3,7,27,0,0,1,54.8,13,9,16,19,5,7,29,0,0,1,45.2,16,5,17,16
768,2019021002,2020-02-29T23:00:00Z,home,OTL,2,6,40,0,0,3,52.5,14,13,15,11,2,6,29,0,0,3,47.5,9,5,12,12
769,2019021012,2020-03-01T21:00:00Z,home,L,0,2,38,0,0,3,51,16,17,23,21,3,6,28,100,1,1,49,10,7,13,14
770,2019021035,2020-03-06T00:00:00Z,home,OTL,1,15,33,0,0,4,47.6,14,13,15,24,2,13,28,25,1,4,52.4,14,10,14,22
771,2019021054,2020-03-08T00:00:00Z,home,W,4,6,32,0,0,3,59.3,15,13,16,20,1,6,34,0,0,3,40.7,13,10,9,26
772,2019021075,2020-03-10T00:00:00Z,away,W,2,4,34,100,1,1,47.7,23,13,6,11,1,2,27,0,0,2,52.3,15,8,10,6
773,2020020034,2021-01-18T00:00:00Z,home,W,5,6,36,25,1,4,53.3,14,14,25,30,2,8,30,33.3,1,3,46.7,8,6,14,24
774,2020020049,2021-01-20T00:00:00Z,home,W,5,4,30,50,2,4,45.5,13,9,15,25,4,8,36,100,2,2,54.5,16,8,14,28
775,2020020098,2021-01-27T00:00:00Z,away,W,3,12,31,0,0,3,50,10,3,6,17,3,6,22,0,0,6,50,12,2,8,23
776,2020020114,2021-01-29T00:00:00Z,away,OTL,2,10,35,0,0,1,54.4,10,10,6,18,2,6,31,33.3,1,3,45.6,13,7,9,27
777,2020020130,2021-01-31T00:00:00Z,away,W,3,8,26,66.7,2,3,47.5,8,4,9,19,2,6,27,0,0,4,52.5,12,7,10,14
778,2020020139,2021-01-31T22:00:00Z,away,W,3,8,30,50,2,4,51.8,9,3,5,16,2,10,34,0,0,3,48.2,9,1,2,11
779,2020020165,2021-02-05T00:00:00Z,home,OTL,5,8,36,50,2,4,39.3,14,8,7,21,6,8,41,50,2,4,60.7,10,8,9,20
780,2020020176,2021-02-06T00:00:00Z,home,W,2,4,36,0,0,2,59.7,16,3,11,40,1,6,25,0,0,1,40.3,17,7,4,25
781,2020020189,2021-02-07T20:00:00Z,home,L,1,9,37,0,0,1,50.9,6,12,7,25,4,11,39,0,0,0,49.1,12,8,2,24
782,2020020203,2021-02-10T00:00:00Z,home,W,2,6,22,100,1,1,45.2,10,15,6,35,1,2,32,0,0,3,54.8,8,6,1,28
783,2020020217,2021-02-12T00:00:00Z,home,W,5,13,29,33.3,1,3,60,11,6,5,44,2,13,21,66.7,2,3,40,11,2,9,39
784,2020020232,2021-02-14T00:00:00Z,home,L,1,17,34,0,0,4,48.2,8,9,9,36,6,19,28,33.3,1,3,51.8,12,4,5,25
785,2020020256,2021-02-16T00:00:00Z,away,W,6,18,21,0,0,3,45.3,9,0,0,15,4,16,31,0,0,4,54.7,7,2,1,26
786,2020020062,2021-02-17T22:00:00Z,away,W,4,6,37,25,1,4,40.3,11,11,11,15,3,8,35,33.3,1,3,59.7,10,8,15,18
787,2020020275,2021-02-20T00:00:00Z,away,W,7,8,39,50,1,2,43.1,5,6,1,21,2,4,32,0,0,4,56.9,9,1,10,12
788,2020020292,2021-02-20T22:00:00Z,away,L,1,4,39,33.3,1,3,45.5,9,0,4,9,2,6,27,0,0,2,54.5,17,1,3,13
789,2020020009,2021-02-23T00:00:00Z,home,W,3,7,52,0,0,3,56.1,6,18,6,24,1,11,25,0,0,1,43.9,17,1,4,32
790,2020020303,2021-02-24T22:00:00Z,home,L,0,10,43,0,0,3,49.3,8,9,3,42,3,8,26,0,0,4,50.7,15,6,3,38
791,2020020315,2021-02-26T00:00:00Z,home,W,3,4,35,0,0,1,44.3,11,5,8,30,2,2,39,50,1,2,55.7,7,5,10,33
792,2020020330,2021-02-28T00:00:00Z,home,OTL,3,6,31,25,1,4,47.2,7,11,9,24,3,8,33,66.7,2,3,52.8,7,10,5,19
793,2020020348,2021-03-02T00:00:00Z,home,OTL,2,8,46,0,0,3,49.1,10,14,13,33,3,8,31,33.3,1,3,50.9,10,0,3,20
794,2020020368,2021-03-05T01:00:00Z,away,W,5,4,38,50,2,4,35.8,14,3,11,9,4,8,35,0,0,2,64.2,12,5,12,10
795,2020020381,2021-03-06T19:00:00Z,away,W,6,9,32,25,1,4,46.9,16,6,5,14,2,13,30,50,1,2,53.1,11,5,6,13
796,2020020076,2021-03-07T22:00:00Z,away,L,2,12,23,0,0,5,49.3,14,4,7,21,4,12,26,20,1,5,50.7,12,7,16,26
797,2020020406,2021-03-10T00:00:00Z,away,W,4,6,33,50,2,4,59.6,11,10,6,26,2,8,40,0,0,3,40.4,16,12,10,20
798,2020020420,2021-03-12T00:00:00Z,away,W,5,6,32,33.3,1,3,66,12,4,10,14,4,6,32,33.3,1,3,34,13,4,21,16
799,2020020435,2021-03-14T00:00:00Z,home,W,4,8,35,0,0,2,66.7,5,7,4,17,2,4,32,0,0,4,33.3,9,3,3,15
800,2020020449,2021-03-15T23:00:00Z,home,W,6,10,36,66.7,2,3,61.5,10,6,8,16,3,8,29,0,0,4,38.5,9,2,8,20
801,2020020472,2021-03-18T23:00:00Z,home,L,1,6,41,0,0,3,50,12,8,7,18,2,6,27,0,0,3,50,12,4,5,25
802,2020020487,2021-03-20T18:00:00Z,home,W,2,8,49,0,0,5,48.1,10,5,6,23,0,12,21,0,0,3,51.9,21,4,6,20
803,2020020828,2021-03-21T20:00:00Z,away,L,3,14,32,40,2,5,39.7,13,0,1,20,5,14,24,20,1,5,60.3,10,5,0,22
804,2020020505,2021-03-24T00:00:00Z,away,L,2,6,35,50,1,2,50,16,12,13,42,3,4,32,33.3,1,3,50,19,11,15,24
805,2020020519,2021-03-26T00:00:00Z,away,L,0,21,41,0,0,6,50.9,9,7,9,36,3,17,21,33.3,1,3,49.1,22,11,12,32
806,2020020538,2021-03-28T00:00:00Z,away,W,4,6,28,33.3,1,3,56.1,17,2,5,12,3,6,34,0,0,3,43.9,16,4,13,20
807,2020020547,2021-03-28T22:00:00Z,away,W,4,13,23,25,1,4,47.5,17,2,15,23,1,15,34,33.3,1,3,52.5,12,4,4,29
808,2020020560,2021-03-30T23:00:00Z,home,W,4,8,33,0,0,4,49,11,17,11,29,1,8,36,25,1,4,51,14,5,10,27
809,2020020575,2021-04-01T23:00:00Z,home,W,3,16,36,25,1,4,50,15,6,12,32,2,20,27,0,0,2,50,9,5,8,21
810,2020020590,2021-04-03T23:00:00Z,home,W,5,2,39,0,0,4,52.6,14,9,14,19,2,8,46,0,0,1,47.4,17,15,6,31
811,2020020600,2021-04-04T21:00:00Z,home,W,3,6,35,0,0,1,62.1,18,11,17,17,0,2,32,0,0,3,37.9,15,9,9,29
812,2020020615,2021-04-06T23:00:00Z,away,L,2,8,36,0,0,2,41.9,12,3,14,41,5,4,36,50,2,4,58.1,8,5,20,36
813,2020020629,2021-04-08T23:00:00Z,away,L,0,12,24,0,0,4,58.3,8,4,8,39,3,12,22,25,1,4,41.7,9,5,14,24
814,2020020648,2021-04-10T18:00:00Z,away,L,1,6,21,25,1,4,45.8,7,3,10,26,4,8,20,33.3,1,3,54.2,28,9,6,34
815,2020020670,2021-04-14T00:30:00Z,away,W,3,8,31,25,1,4,41.2,14,5,8,14,2,10,26,0,0,3,58.8,15,2,16,18
816,2020020679,2021-04-15T23:00:00Z,away,OTL,2,4,38,0,0,3,66,11,3,0,26,3,6,19,50,1,2,34,7,7,1,35
817,2020020694,2021-04-17T23:00:00Z,away,W,5,4,32,33.3,1,3,42.6,14,4,2,22,3,6,31,0,0,2,57.4,9,3,4,25
818,2020020707,2021-04-19T23:00:00Z,home,W,4,31,39,0,0,2,62.7,15,17,20,25,2,21,36,0,0,2,37.3,8,10,8,24
819,2020020719,2021-04-20T23:00:00Z,home,W,5,7,33,0,0,2,58.5,7,10,9,27,1,9,34,100,1,1,41.5,6,7,8,29
820,2020020732,2021-04-22T23:00:00Z,home,L,2,15,34,11.1,1,9,54.7,8,9,20,28,4,27,29,33.3,1,3,45.3,24,7,7,18
821,2020020745,2021-04-24T23:00:00Z,home,W,4,10,36,0,0,4,37.5,13,10,11,27,3,8,19,20,1,5,62.5,15,3,9,34
822,2020020758,2021-04-27T00:00:00Z,away,L,1,6,40,0,0,2,45.3,5,3,7,14,4,6,27,50,1,2,54.7,13,10,17,18
823,2020020773,2021-04-28T00:00:00Z,away,W,7,4,55,60,3,5,55.4,4,2,8,13,4,10,30,0,0,2,44.6,13,1,6,17
824,2020020787,2021-04-30T00:00:00Z,away,W,4,4,39,25,1,4,50,11,10,13,40,3,8,27,0,0,2,50,13,9,13,36
825,2020020802,2021-05-02T00:00:00Z,away,W,5,8,42,0,0,1,55.4,13,10,11,27,4,2,35,50,2,4,44.6,18,10,13,31
826,2020020020,2021-05-03T23:00:00Z,home,W,5,9,43,25,1,4,51.7,17,11,14,23,4,23,29,50,1,2,48.3,9,10,12,33
827,2020020857,2021-05-08T23:00:00Z,home,W,5,76,35,16.7,1,6,47.2,7,7,10,38,1,78,29,0,0,5,52.8,11,9,18,36
828,2020020841,2021-05-10T23:00:00Z,home,W,4,19,30,0,0,5,38.6,12,13,23,33,0,19,30,0,0,5,61.4,11,3,9,39
829,2021020010,2021-10-14T23:00:00Z,home,W,5,18,39,0,0,6,54.3,17,11,19,23,4,12,47,22.2,2,9,45.7,11,6,12,22
830,2021020025,2021-10-16T22:00:00Z,home,W,5,12,29,0,0,1,43.3,11,10,15,34,1,6,30,25,1,4,56.7,23,8,10,28
831,2021020042,2021-10-19T23:00:00Z,away,W,4,12,32,33.3,1,3,39.1,10,4,3,25,1,6,31,0,0,6,60.9,15,7,5,26
832,2021020055,2021-10-21T23:00:00Z,home,W,4,6,38,20,1,5,59.7,12,9,14,26,1,10,31,0,0,3,40.3,18,11,9,26
833,2021020070,2021-10-23T23:00:00Z,away,W,4,8,31,14.3,1,7,41.3,12,5,9,21,2,14,29,25,1,4,58.7,12,3,6,23
834,2021020085,2021-10-25T23:00:00Z,home,W,5,9,41,66.7,2,3,57.1,9,14,13,23,3,23,21,0,0,1,42.9,20,14,7,33
835,2021020097,2021-10-27T23:00:00Z,home,W,4,4,27,0,0,1,33.9,17,17,17,34,1,2,31,0,0,2,66.1,13,13,10,37
836,2021020111,2021-10-29T23:00:00Z,away,W,3,8,33,0,0,3,41.4,9,6,5,18,2,6,30,0,0,4,58.6,23,3,9,23
837,2021020117,2021-10-30T23:00:00Z,away,OTL,2,6,35,100,1,1,36.8,14,10,9,25,2,2,33,33.3,1,3,63.2,11,10,7,28
838,2021020152,2021-11-04T23:00:00Z,home,W,5,4,33,33.3,1,3,48.9,9,16,13,29,4,6,42,0,0,2,51.1,13,15,13,36
839,2021020166,2021-11-06T22:00:00Z,home,W,5,21,32,60,3,5,35.6,26,12,6,21,2,20,32,20,1,5,64.4,11,7,6,35
840,2021020180,2021-11-09T00:00:00Z,away,L,3,6,45,0,0,2,47.3,8,4,4,18,4,6,18,50,1,2,52.7,21,5,8,26
841,2021020186,2021-11-10T00:00:00Z,away,L,3,8,38,0,0,2,46.7,10,9,7,28,7,4,31,50,2,4,53.3,14,5,9,21
842,2021020200,2021-11-12T00:00:00Z,away,OTL,2,6,38,0,0,4,42.3,14,10,3,28,2,8,31,0,0,3,57.7,11,14,10,31
843,2021020214,2021-11-14T00:00:00Z,away,OTL,2,11,28,0,0,1,54.4,6,8,0,25,3,11,24,100,1,1,45.6,16,10,0,30
844,2021020233,2021-11-17T00:00:00Z,home,W,6,9,36,0,0,5,49.1,14,15,26,26,1,46,28,0,0,1,50.9,5,12,14,42
845,2021020251,2021-11-19T00:00:00Z,home,W,4,8,41,0,0,2,42.9,15,12,18,35,1,6,46,0,0,3,57.1,16,5,12,24
846,2021020265,2021-11-20T23:00:00Z,home,W,5,4,37,0,0,1,49.1,16,28,18,35,4,2,39,50,1,2,50.9,17,8,16,32
847,2021020292,2021-11-25T00:00:00Z,home,W,2,6,45,50,1,2,42.1,7,14,15,15,1,6,33,0,0,2,57.9,21,10,9,28
848,2021020309,2021-11-26T22:00:00Z,away,L,3,6,22,0,0,3,47.6,13,7,5,13,4,6,29,33.3,1,3,52.4,12,9,10,21
849,2021020318,2021-11-27T23:00:00Z,home,L,1,6,34,0,0,1,28,10,19,22,39,4,4,27,50,1,2,72,22,14,14,24
850,2021020338,2021-12-01T00:00:00Z,home,W,5,8,51,50,2,4,51.5,10,16,15,35,4,12,27,0,0,2,48.5,7,9,7,35
851,2021020354,2021-12-03T00:00:00Z,home,W,7,8,45,33.3,1,3,47.6,15,14,19,16,4,8,31,0,0,3,52.4,20,2,18,15
852,2021020370,2021-12-04T18:00:00Z,home,W,3,4,51,0,0,4,47.6,8,10,10,19,3,10,25,0,0,1,52.4,17,6,9,24
853,2021020394,2021-12-08T01:00:00Z,away,OTL,3,12,40,0,0,5,50,8,5,3,12,4,12,30,20,1,5,50,16,3,16,23
854,2021020416,2021-12-11T02:00:00Z,away,W,3,10,23,25,1,4,45.5,12,7,6,17,1,8,23,20,1,5,54.5,7,6,14,28
855,2021020433,2021-12-13T01:00:00Z,away,L,2,19,31,25,1,4,54.4,11,6,3,18,3,13,26,50,1,2,45.6,17,9,3,22
856,2021020440,2021-12-15T00:00:00Z,home,L,2,37,35,0,0,6,43.3,11,9,12,26,8,21,38,50,2,4,56.7,24,8,15,26
857,2021020456,2021-12-17T00:00:00Z,home,L,1,4,42,0,0,4,32.1,10,17,12,30,4,8,31,0,0,2,67.9,16,5,5,21
858,2021020544,2021-12-30T00:00:00Z,home,W,4,6,32,0,0,2,55.2,9,11,18,40,3,6,33,0,0,2,44.8,16,7,6,30
859,2021020552,2021-12-31T00:00:00Z,home,W,9,24,37,33.3,1,3,44.1,11,13,10,40,3,42,42,25,1,4,55.9,13,11,6,29
860,2021020568,2022-01-01T18:00:00Z,home,W,5,11,48,20,1,5,56.1,15,15,16,29,2,15,31,0,0,3,43.9,16,10,13,25
861,2021020589,2022-01-05T00:00:00Z,home,W,6,4,45,66.7,2,3,54.5,17,20,20,39,2,6,49,0,0,2,45.5,24,14,9,29
862,2021020605,2022-01-07T01:30:00Z,away,OTL,5,6,42,33.3,1,3,40.3,15,3,14,18,5,6,36,33.3,1,3,59.7,15,11,13,23
863,2021020617,2022-01-09T00:00:00Z,away,W,4,8,36,0,0,2,53.6,13,15,12,27,3,4,27,25,1,4,46.4,11,5,14,27
864,2021020638,2022-01-12T00:00:00Z,home,W,5,18,26,33.3,1,3,41.4,22,11,12,16,2,18,44,0,0,3,58.6,22,9,5,28
865,2021020661,2022-01-15T00:00:00Z,home,W,7,4,39,50,1,2,52.8,9,15,25,26,1,4,30,0,0,2,47.2,23,19,10,30
866,2021020669,2022-01-15T23:00:00Z,home,W,9,8,51,25,1,4,43.8,11,14,20,19,2,8,30,25,1,4,56.2,14,8,18,29
867,2021020698,2022-01-19T02:00:00Z,away,L,1,12,29,0,0,3,38.5,12,4,12,14,5,12,31,66.7,2,3,61.5,11,9,21,15
868,2021020709,2022-01-21T02:00:00Z,away,W,6,6,28,60,3,5,40.9,26,11,14,27,0,10,40,0,0,3,59.1,20,13,17,22
869,2021020718,2022-01-22T03:00:00Z,away,W,1,8,34,50,1,2,50.9,11,3,5,14,1,4,28,25,1,4,49.1,18,7,7,17
870,2021020736,2022-01-24T02:00:00Z,away,L,3,13,31,33.3,1,3,56.1,13,4,6,18,5,11,29,0,0,4,43.9,25,11,2,21
871,2021020749,2022-01-26T01:00:00Z,away,W,5,6,32,0,0,4,42,7,9,10,18,3,8,35,33.3,1,3,58,6,11,9,16
872,2021020760,2022-01-28T00:00:00Z,home,W,4,6,32,0,0,1,37,13,27,22,37,1,4,25,0,0,3,63,14,13,13,31
873,2021020776,2022-01-29T23:00:00Z,home,W,5,6,50,0,0,1,49.2,4,17,14,30,4,4,34,100,2,2,50.8,26,14,12,31
874,2021020793,2022-02-01T00:00:00Z,away,W,8,6,40,33.3,1,3,53.8,14,9,5,9,4,8,36,0,0,2,46.2,21,5,12,33
875,2021020800,2022-02-02T00:00:00Z,away,L,2,15,36,33.3,1,3,54.7,16,3,9,25,5,11,35,60,3,5,45.3,14,16,9,38
876,2021020527,2022-02-17T00:30:00Z,away,W,3,10,31,0,0,5,57.1,10,5,17,34,2,12,18,0,0,4,42.9,10,4,14,28
877,2021020476,2022-02-19T01:00:00Z,away,W,6,10,36,33.3,1,3,48.2,11,6,3,33,2,6,26,40,2,5,51.8,15,8,11,34
878,2021020498,2022-02-20T20:00:00Z,away,W,5,15,25,0,0,1,56.5,13,3,8,30,2,9,24,0,0,4,43.5,12,3,10,24
879,2021020511,2022-02-23T00:00:00Z,home,L,4,6,48,33.3,1,3,38.7,9,10,12,26,6,6,33,33.3,1,3,61.3,18,9,6,34
880,2021020816,2022-02-25T00:00:00Z,home,L,3,4,42,0,0,4,55.9,6,13,17,27,6,8,28,0,0,2,44.1,20,14,16,43
881,2021020831,2022-02-26T17:30:00Z,home,L,3,4,47,40,2,5,53.8,11,6,18,31,4,10,22,50,1,2,46.2,15,7,14,24
882,2021020865,2022-03-04T00:00:00Z,home,W,3,23,48,22.2,2,9,52.6,10,8,11,19,0,55,18,0,0,3,47.4,24,9,5,37
883,2021020881,2022-03-05T23:00:00Z,home,W,6,4,39,66.7,2,3,64.3,10,18,14,24,2,6,25,0,0,2,35.7,15,6,11,17
884,2021020899,2022-03-08T00:00:00Z,away,W,6,12,31,66.7,2,3,47.3,12,5,6,6,1,18,30,0,0,5,52.7,7,3,11,12
885,2021020906,2022-03-09T00:00:00Z,away,W,4,6,29,50,1,2,42.2,11,8,4,22,3,4,35,0,0,3,57.8,15,6,9,34
886,2021020920,2022-03-11T00:00:00Z,home,W,6,18,37,100,3,3,50.7,22,15,12,18,3,28,37,33.3,1,3,49.3,22,5,12,33
887,2021020951,2022-03-14T02:00:00Z,away,OTL,2,10,32,0,0,2,40,20,1,9,31,2,6,37,25,1,4,60,11,3,5,22
888,2021020963,2022-03-16T02:30:00Z,away,W,3,14,34,0,0,2,45,17,8,8,18,2,8,26,20,1,5,55,25,12,15,20
889,2021020975,2022-03-18T02:30:00Z,away,L,3,16,36,100,1,1,45.3,15,7,10,50,5,2,33,33.3,1,3,54.7,16,12,5,32
890,2021020981,2022-03-19T02:00:00Z,away,W,3,11,42,20,1,5,54.5,11,4,9,28,0,29,17,0,0,1,45.5,20,4,12,21
891,2021021020,2022-03-24T23:00:00Z,away,W,4,10,42,16.7,1,6,45.9,13,1,18,20,3,12,31,20,1,5,54.1,24,7,15,26
892,2021021036,2022-03-26T23:00:00Z,away,W,3,8,49,50,1,2,52.2,13,5,9,33,3,4,22,0,0,4,47.8,19,5,16,34
893,2021021046,2022-03-27T23:00:00Z,away,L,2,6,36,0,0,3,53,8,9,8,39,5,8,25,100,2,2,47,16,21,19,32
894,2021021061,2022-03-29T23:00:00Z,home,W,7,6,46,0,0,4,55.1,7,14,9,21,4,10,24,0,0,2,44.9,21,7,5,19
895,2021021076,2022-03-31T23:00:00Z,home,W,4,6,44,33.3,1,3,46.4,13,8,12,27,0,6,37,0,0,3,53.6,12,3,7,21
896,2021021092,2022-04-02T16:30:00Z,away,W,7,4,41,0,0,3,66.1,9,4,11,27,6,6,31,0,0,2,33.9,19,11,10,23
897,2021021100,2022-04-03T17:00:00Z,away,W,5,4,40,33.3,1,3,47.4,8,3,10,28,3,6,29,100,2,2,52.6,6,6,9,12
898,2021021116,2022-04-05T23:00:00Z,home,W,7,16,49,50,3,6,51.2,10,14,14,38,6,14,35,42.9,3,7,48.8,21,8,8,28
899,2021021138,2022-04-08T23:00:00Z,home,W,4,10,43,100,2,2,49,13,10,14,22,3,4,22,25,1,4,51,13,5,17,20
900,2021021148,2022-04-09T22:00:00Z,away,W,4,9,25,0,0,3,44.4,20,6,14,24,1,21,25,0,0,2,55.6,19,7,20,40
901,2021021167,2022-04-12T23:00:00Z,home,W,3,4,55,33.3,1,3,62.3,5,17,6,16,2,6,24,0,0,2,37.7,21,10,9,29
902,2021021194,2022-04-15T23:00:00Z,home,W,6,10,43,0,0,1,46.7,14,13,12,20,1,4,31,0,0,4,53.3,5,4,7,29
903,2021021210,2022-04-17T17:00:00Z,away,W,6,6,39,0,0,2,44.6,8,2,6,27,1,4,34,0,0,3,55.4,6,1,12,25
904,2021021223,2022-04-19T23:30:00Z,away,W,3,16,42,20,1,5,51.7,8,3,16,16,2,10,26,33.3,1,3,48.3,19,11,19,24
905,2021021235,2022-04-21T23:00:00Z,home,W,5,8,27,50,2,4,66.7,15,9,11,20,2,23,30,0,0,2,33.3,21,5,7,27
906,2021021253,2022-04-23T23:00:00Z,home,W,3,8,35,50,1,2,45.6,16,9,12,25,2,8,36,0,0,2,54.4,12,8,11,22
907,2021021260,2022-04-24T23:00:00Z,home,L,4,66,39,16.7,1,6,47.9,13,3,21,35,8,24,33,42.9,3,7,52.1,21,8,8,29
908,2021021272,2022-04-26T23:00:00Z,away,L,2,10,21,50,1,2,45,5,13,9,29,4,8,38,0,0,3,55,12,7,5,27
909,2021021291,2022-04-28T23:00:00Z,away,W,4,11,30,0,0,3,45.2,17,6,10,13,0,21,27,0,0,3,54.8,11,4,9,19
910,2021021300,2022-04-29T23:00:00Z,away,L,2,4,39,100,1,1,45.3,10,7,24,13,10,2,37,50,1,2,54.7,22,9,24,15
